filename,width,height,class,xmin,ymin,xmax,ymax
d66fe3c0f7d5a396_jpg.rf.0d947e33ef400474603dc78f438e2101.jpg,416,416,Crab,148,115,384,302
b8d029497cf7bac6_jpg.rf.0180374b736435cd50e82b8ca054220c.jpg,416,416,Shrimp,101,3,164,134
b8d029497cf7bac6_jpg.rf.0180374b736435cd50e82b8ca054220c.jpg,416,416,Shrimp,246,112,366,323
faa591da3ab1fa90_jpg.rf.0b5cc08196694e1f25b4b0c8d6fdf1d8.jpg,416,416,Shrimp,0,276,167,415
faa591da3ab1fa90_jpg.rf.0b5cc08196694e1f25b4b0c8d6fdf1d8.jpg,416,416,Shrimp,6,27,138,143
faa591da3ab1fa90_jpg.rf.0b5cc08196694e1f25b4b0c8d6fdf1d8.jpg,416,416,Shrimp,102,227,243,416
faa591da3ab1fa90_jpg.rf.0b5cc08196694e1f25b4b0c8d6fdf1d8.jpg,416,416,Shrimp,172,0,344,77
faa591da3ab1fa90_jpg.rf.0b5cc08196694e1f25b4b0c8d6fdf1d8.jpg,416,416,Shrimp,231,164,322,310
faa591da3ab1fa90_jpg.rf.0b5cc08196694e1f25b4b0c8d6fdf1d8.jpg,416,416,Shrimp,259,228,412,414
584587c816871fd9_jpg.rf.0b5fd34d6605bba39b02e0e77166d968.jpg,416,416,Crab,14,281,215,352
584587c816871fd9_jpg.rf.0b5fd34d6605bba39b02e0e77166d968.jpg,416,416,Crab,32,32,162,111
584587c816871fd9_jpg.rf.0b5fd34d6605bba39b02e0e77166d968.jpg,416,416,Crab,111,138,301,230
584587c816871fd9_jpg.rf.0b5fd34d6605bba39b02e0e77166d968.jpg,416,416,Crab,196,28,376,119
584587c816871fd9_jpg.rf.0b5fd34d6605bba39b02e0e77166d968.jpg,416,416,Crab,233,256,391,370
21e2bfda905473a8_jpg.rf.0aa2de91b4f46cb011b1212feac6db90.jpg,416,416,Crab,41,9,354,410
7e2b0bf6eba0560b_jpg.rf.09543b8ba3c125c81e22c5ff09f6c9c7.jpg,416,416,Lobster,21,53,374,415
1f11f687ca2dafb6_jpg.rf.04354f327b1c5cf6a6011368b419e845.jpg,416,416,Shrimp,30,216,81,278
1f11f687ca2dafb6_jpg.rf.04354f327b1c5cf6a6011368b419e845.jpg,416,416,Shrimp,36,107,74,156
1f11f687ca2dafb6_jpg.rf.04354f327b1c5cf6a6011368b419e845.jpg,416,416,Shrimp,47,159,82,212
1f11f687ca2dafb6_jpg.rf.04354f327b1c5cf6a6011368b419e845.jpg,416,416,Shrimp,76,87,109,128
1f11f687ca2dafb6_jpg.rf.04354f327b1c5cf6a6011368b419e845.jpg,416,416,Shrimp,76,168,116,227
1f11f687ca2dafb6_jpg.rf.04354f327b1c5cf6a6011368b419e845.jpg,416,416,Shrimp,95,2,135,42
1f11f687ca2dafb6_jpg.rf.04354f327b1c5cf6a6011368b419e845.jpg,416,416,Shrimp,108,193,151,243
1f11f687ca2dafb6_jpg.rf.04354f327b1c5cf6a6011368b419e845.jpg,416,416,Shrimp,118,31,153,67
1f11f687ca2dafb6_jpg.rf.04354f327b1c5cf6a6011368b419e845.jpg,416,416,Shrimp,136,226,181,287
1f11f687ca2dafb6_jpg.rf.04354f327b1c5cf6a6011368b419e845.jpg,416,416,Shrimp,138,115,178,155
1f11f687ca2dafb6_jpg.rf.04354f327b1c5cf6a6011368b419e845.jpg,416,416,Shrimp,172,270,220,345
1f11f687ca2dafb6_jpg.rf.04354f327b1c5cf6a6011368b419e845.jpg,416,416,Shrimp,192,143,233,185
1f11f687ca2dafb6_jpg.rf.04354f327b1c5cf6a6011368b419e845.jpg,416,416,Shrimp,207,79,248,135
1f11f687ca2dafb6_jpg.rf.04354f327b1c5cf6a6011368b419e845.jpg,416,416,Shrimp,234,219,269,274
1f11f687ca2dafb6_jpg.rf.04354f327b1c5cf6a6011368b419e845.jpg,416,416,Shrimp,235,5,268,56
1f11f687ca2dafb6_jpg.rf.04354f327b1c5cf6a6011368b419e845.jpg,416,416,Shrimp,237,149,272,197
1f11f687ca2dafb6_jpg.rf.04354f327b1c5cf6a6011368b419e845.jpg,416,416,Shrimp,249,113,295,167
1f11f687ca2dafb6_jpg.rf.04354f327b1c5cf6a6011368b419e845.jpg,416,416,Shrimp,254,294,298,357
1f11f687ca2dafb6_jpg.rf.04354f327b1c5cf6a6011368b419e845.jpg,416,416,Shrimp,262,28,283,67
1f11f687ca2dafb6_jpg.rf.04354f327b1c5cf6a6011368b419e845.jpg,416,416,Shrimp,264,70,304,106
1f11f687ca2dafb6_jpg.rf.04354f327b1c5cf6a6011368b419e845.jpg,416,416,Shrimp,276,226,313,277
1f11f687ca2dafb6_jpg.rf.04354f327b1c5cf6a6011368b419e845.jpg,416,416,Shrimp,289,145,331,192
1f11f687ca2dafb6_jpg.rf.04354f327b1c5cf6a6011368b419e845.jpg,416,416,Shrimp,289,283,338,351
1f11f687ca2dafb6_jpg.rf.04354f327b1c5cf6a6011368b419e845.jpg,416,416,Shrimp,307,26,347,63
1f11f687ca2dafb6_jpg.rf.04354f327b1c5cf6a6011368b419e845.jpg,416,416,Shrimp,334,82,375,131
1f11f687ca2dafb6_jpg.rf.04354f327b1c5cf6a6011368b419e845.jpg,416,416,Shrimp,334,171,384,225
1f11f687ca2dafb6_jpg.rf.04354f327b1c5cf6a6011368b419e845.jpg,416,416,Shrimp,346,261,397,320
fc40cf475765467f_jpg.rf.0e76b55710c5ea754b1f1df120194e57.jpg,416,416,Shrimp,245,196,328,304
f0a31b9c190e138a_jpg.rf.01424894847982a705e985ba6c48e235.jpg,416,416,Lobster,179,164,273,272
1bcf28862a9dca39_jpg.rf.10eec21feca43d4b268f133f03b89585.jpg,416,416,Shrimp,0,164,245,288
1bcf28862a9dca39_jpg.rf.10eec21feca43d4b268f133f03b89585.jpg,416,416,Shrimp,0,222,322,319
1bcf28862a9dca39_jpg.rf.10eec21feca43d4b268f133f03b89585.jpg,416,416,Shrimp,14,138,349,249
1bcf28862a9dca39_jpg.rf.10eec21feca43d4b268f133f03b89585.jpg,416,416,Shrimp,116,137,246,176
1bcf28862a9dca39_jpg.rf.10eec21feca43d4b268f133f03b89585.jpg,416,416,Shrimp,271,137,416,279
032ea1e00897db72_jpg.rf.0d8659aa5d66604831ff392a5a078631.jpg,416,416,Lobster,111,211,262,306
353d655c191c85a7_jpg.rf.0899ed5614a3ceccab28923f9073f75e.jpg,416,416,Crab,158,71,234,232
21bc6ceee05ba359_jpg.rf.139c5c64656c1d306335f341ef55ad35.jpg,416,416,Shrimp,0,50,243,148
21bc6ceee05ba359_jpg.rf.139c5c64656c1d306335f341ef55ad35.jpg,416,416,Shrimp,33,175,300,291
21bc6ceee05ba359_jpg.rf.139c5c64656c1d306335f341ef55ad35.jpg,416,416,Shrimp,62,0,248,55
21bc6ceee05ba359_jpg.rf.139c5c64656c1d306335f341ef55ad35.jpg,416,416,Shrimp,169,267,413,416
904bae8271014949_jpg.rf.1423079b9f0a3e37fd3bcc5ca3fe0066.jpg,416,416,Lobster,54,29,370,416
ada356f1eed040ba_jpg.rf.168f131b94b424f3906159e396871b6f.jpg,416,416,Crab,14,44,409,372
a6e3a2bc1bd4319d_jpg.rf.10afad63c0437ededd10432e5a91789a.jpg,416,416,Crab,98,86,324,354
048eded95654bd55_jpg.rf.08f7bb48b013759a8365cc97138b77c7.jpg,416,416,Crab,238,235,358,377
f4a54018f8aab507_jpg.rf.16e2ab7f2c0d1202c86d6d4d3adee8a4.jpg,416,416,Shrimp,199,244,301,358
f4a54018f8aab507_jpg.rf.16e2ab7f2c0d1202c86d6d4d3adee8a4.jpg,416,416,Shrimp,49,259,131,389
f4a54018f8aab507_jpg.rf.16e2ab7f2c0d1202c86d6d4d3adee8a4.jpg,416,416,Shrimp,122,156,218,267
f4a54018f8aab507_jpg.rf.16e2ab7f2c0d1202c86d6d4d3adee8a4.jpg,416,416,Shrimp,124,259,238,388
f4a54018f8aab507_jpg.rf.16e2ab7f2c0d1202c86d6d4d3adee8a4.jpg,416,416,Shrimp,225,102,298,230
f4a54018f8aab507_jpg.rf.16e2ab7f2c0d1202c86d6d4d3adee8a4.jpg,416,416,Shrimp,286,137,364,270
17adc00501f0a308_jpg.rf.178fa64918c9c8c1e1087e2d1561b4db.jpg,416,416,Lobster,3,0,416,416
977773453e645ea4_jpg.rf.13fc062856538fb8bdd889240da0ede5.jpg,416,416,Crab,0,3,416,416
e916f04f3917c6a6_jpg.rf.161188f618b63692edb06d35e19ee1fe.jpg,416,416,Lobster,8,20,369,354
4922b99d18aab264_jpg.rf.18f2704fa7339735190653751a47feb8.jpg,416,416,Lobster,75,292,357,400
4922b99d18aab264_jpg.rf.18f2704fa7339735190653751a47feb8.jpg,416,416,Lobster,20,94,416,249
08837250bcc50ae2_jpg.rf.142d6c58926ccf93f9cbf6fc1a503370.jpg,416,416,Shrimp,19,68,94,187
08837250bcc50ae2_jpg.rf.142d6c58926ccf93f9cbf6fc1a503370.jpg,416,416,Shrimp,90,264,159,332
08837250bcc50ae2_jpg.rf.142d6c58926ccf93f9cbf6fc1a503370.jpg,416,416,Shrimp,240,109,352,245
08837250bcc50ae2_jpg.rf.142d6c58926ccf93f9cbf6fc1a503370.jpg,416,416,Shrimp,270,208,321,298
08837250bcc50ae2_jpg.rf.142d6c58926ccf93f9cbf6fc1a503370.jpg,416,416,Shrimp,325,223,392,349
0838a995212d57ca_jpg.rf.12b335e459a755cd2b64a50e16a4680a.jpg,416,416,Crab,0,117,416,416
1687004b8cac6a9f_jpg.rf.1623d27b4ef74424bc7d862e7306743e.jpg,416,416,Crab,68,136,178,268
cf4899ff91bc7e52_jpg.rf.19563bac987ce6db986c87cc863f7817.jpg,416,416,Lobster,234,82,411,246
62967cbd69759e4c_jpg.rf.1642f1629d52cbfe795bfba27f6a303e.jpg,416,416,Shrimp,0,55,181,277
62967cbd69759e4c_jpg.rf.1642f1629d52cbfe795bfba27f6a303e.jpg,416,416,Shrimp,135,54,279,323
62967cbd69759e4c_jpg.rf.1642f1629d52cbfe795bfba27f6a303e.jpg,416,416,Shrimp,266,127,377,317
425deb1b3a9e78ca_jpg.rf.17b25e9f53905c1ffb8d2ee1bd0c4bff.jpg,416,416,Crab,26,115,279,316
86641590c0969dd9_jpg.rf.1804d09eee49035a72bc909174cd53dc.jpg,416,416,Shrimp,112,252,227,350
86641590c0969dd9_jpg.rf.1804d09eee49035a72bc909174cd53dc.jpg,416,416,Shrimp,183,220,292,290
86641590c0969dd9_jpg.rf.1804d09eee49035a72bc909174cd53dc.jpg,416,416,Shrimp,224,252,327,361
4edcac213e49301a_jpg.rf.14edbb5ca177ceb2b117dbba491d5295.jpg,416,416,Crab,76,82,397,273
4edcac213e49301a_jpg.rf.14edbb5ca177ceb2b117dbba491d5295.jpg,416,416,Crab,360,57,416,168
b0e68f6b4ddbfa8c_jpg.rf.12cdee0efd14b3daddcd47bc501fa0e9.jpg,416,416,Shrimp,35,93,215,223
b0e68f6b4ddbfa8c_jpg.rf.12cdee0efd14b3daddcd47bc501fa0e9.jpg,416,416,Shrimp,197,58,297,226
083ef28b058fa4fc_jpg.rf.1a24ba1627bb3a28759495e721b582c9.jpg,416,416,Crab,163,59,416,354
b6b97905ae846cac_jpg.rf.1a78ce85a2406c017cd5b0618e40fc1b.jpg,416,416,Shrimp,131,109,245,288
b6b97905ae846cac_jpg.rf.1a78ce85a2406c017cd5b0618e40fc1b.jpg,416,416,Shrimp,192,68,289,259
a6a651b26a6a42f5_jpg.rf.1b56d65c8e61853bd8421ffc5af7956d.jpg,416,416,Shrimp,147,167,220,293
a6a651b26a6a42f5_jpg.rf.1b56d65c8e61853bd8421ffc5af7956d.jpg,416,416,Shrimp,91,166,145,252
a6a651b26a6a42f5_jpg.rf.1b56d65c8e61853bd8421ffc5af7956d.jpg,416,416,Shrimp,141,118,194,206
a6a651b26a6a42f5_jpg.rf.1b56d65c8e61853bd8421ffc5af7956d.jpg,416,416,Shrimp,192,84,226,129
a6a651b26a6a42f5_jpg.rf.1b56d65c8e61853bd8421ffc5af7956d.jpg,416,416,Shrimp,193,110,268,205
a6a651b26a6a42f5_jpg.rf.1b56d65c8e61853bd8421ffc5af7956d.jpg,416,416,Shrimp,230,62,268,97
a6a651b26a6a42f5_jpg.rf.1b56d65c8e61853bd8421ffc5af7956d.jpg,416,416,Shrimp,235,67,296,150
07f2cdaaa7d51228_jpg.rf.19952bcd36233326c10801e4fc0e0fc0.jpg,416,416,Lobster,124,0,292,338
9edb94f268d33c4c_jpg.rf.15ad1324e3fc26b27b1bd9e4367ca47a.jpg,416,416,Shrimp,47,125,129,252
9edb94f268d33c4c_jpg.rf.15ad1324e3fc26b27b1bd9e4367ca47a.jpg,416,416,Shrimp,200,267,298,308
9edb94f268d33c4c_jpg.rf.15ad1324e3fc26b27b1bd9e4367ca47a.jpg,416,416,Shrimp,245,96,343,172
9edb94f268d33c4c_jpg.rf.15ad1324e3fc26b27b1bd9e4367ca47a.jpg,416,416,Shrimp,316,71,410,168
9edb94f268d33c4c_jpg.rf.15ad1324e3fc26b27b1bd9e4367ca47a.jpg,416,416,Shrimp,356,150,409,209
00f0c5d0810d1c2a_jpg.rf.19517abdca594b7b9dbce2a8a2049f64.jpg,416,416,Shrimp,79,111,302,316
d4f3b12b908fd096_jpg.rf.1426dd8b2c985c6792f8b1a7add3ad39.jpg,416,416,Shrimp,69,154,342,313
d4f3b12b908fd096_jpg.rf.1426dd8b2c985c6792f8b1a7add3ad39.jpg,416,416,Shrimp,101,22,331,184
c0de24dc24a4b6bf_jpg.rf.1b9e8209ab53a5d3e25a3acfce92b0ca.jpg,416,416,Shrimp,2,228,61,325
c0de24dc24a4b6bf_jpg.rf.1b9e8209ab53a5d3e25a3acfce92b0ca.jpg,416,416,Shrimp,32,247,222,318
c0de24dc24a4b6bf_jpg.rf.1b9e8209ab53a5d3e25a3acfce92b0ca.jpg,416,416,Shrimp,40,269,150,333
30fbf1cef3492b44_jpg.rf.18709d8c2b63164ad10980f8fa21506a.jpg,416,416,Shrimp,0,102,109,198
30fbf1cef3492b44_jpg.rf.18709d8c2b63164ad10980f8fa21506a.jpg,416,416,Shrimp,54,35,142,124
30fbf1cef3492b44_jpg.rf.18709d8c2b63164ad10980f8fa21506a.jpg,416,416,Shrimp,82,119,251,206
30fbf1cef3492b44_jpg.rf.18709d8c2b63164ad10980f8fa21506a.jpg,416,416,Shrimp,156,5,281,72
30fbf1cef3492b44_jpg.rf.18709d8c2b63164ad10980f8fa21506a.jpg,416,416,Shrimp,242,175,416,380
30fbf1cef3492b44_jpg.rf.18709d8c2b63164ad10980f8fa21506a.jpg,416,416,Shrimp,262,5,377,90
95913a043fa59e8e_jpg.rf.1aeecd792b34fb011c8b87dfc134fb91.jpg,416,416,Crab,100,141,325,362
47ea2d214e37585a_jpg.rf.1de6f7af4ccbb32bf5da119d723bb774.jpg,416,416,Lobster,152,83,343,416
e2c98433fb315c42_jpg.rf.249f19fd91a80360ded1804b62b5026d.jpg,416,416,Lobster,75,52,415,416
a4500a7f6ad248bf_jpg.rf.19498f1d80deaacf91cba55dcba1798f.jpg,416,416,Shrimp,176,236,254,328
a4500a7f6ad248bf_jpg.rf.19498f1d80deaacf91cba55dcba1798f.jpg,416,416,Shrimp,298,269,375,363
a4500a7f6ad248bf_jpg.rf.19498f1d80deaacf91cba55dcba1798f.jpg,416,416,Shrimp,374,251,416,328
f00daee402228b57_jpg.rf.23110293b1679baf8f4bf7ecb39f4ec7.jpg,416,416,Shrimp,200,167,243,205
f00daee402228b57_jpg.rf.23110293b1679baf8f4bf7ecb39f4ec7.jpg,416,416,Shrimp,220,138,269,200
f00daee402228b57_jpg.rf.23110293b1679baf8f4bf7ecb39f4ec7.jpg,416,416,Shrimp,241,128,299,210
8b402e2e102aeaad_jpg.rf.28af4bc897fc6f5597713141a4b4d34e.jpg,416,416,Shrimp,172,151,224,334
bcd03c6598517f1b_jpg.rf.26e506309292cb128769cc8de2b716ad.jpg,416,416,Lobster,18,68,347,397
02647df3837d0ac3_jpg.rf.237851349a8f6ff56899d7903876d64b.jpg,416,416,Lobster,67,153,287,387
a433a231aedb23a5_jpg.rf.202b7ca1135549c636a5b24bbd8418e4.jpg,416,416,Shrimp,146,152,233,323
a433a231aedb23a5_jpg.rf.202b7ca1135549c636a5b24bbd8418e4.jpg,416,416,Shrimp,54,156,169,286
a433a231aedb23a5_jpg.rf.202b7ca1135549c636a5b24bbd8418e4.jpg,416,416,Shrimp,91,161,155,245
a433a231aedb23a5_jpg.rf.202b7ca1135549c636a5b24bbd8418e4.jpg,416,416,Shrimp,249,211,302,281
00c31c5d33c0b882_jpg.rf.2235510a84f36e01a72187162d3493aa.jpg,416,416,Crab,71,84,416,415
2245780848316219_jpg.rf.250a8ff8b09bfea9b13a0eec06223ccc.jpg,416,416,Crab,25,40,395,356
63dafcfd5e76562b_jpg.rf.249bf61c8a6999728f3e37896fe3b7a2.jpg,416,416,Lobster,10,3,416,415
d647c4054c5d0839_jpg.rf.2b7594a62748c8a4247ac1779c57eec1.jpg,416,416,Shrimp,61,213,168,329
d647c4054c5d0839_jpg.rf.2b7594a62748c8a4247ac1779c57eec1.jpg,416,416,Shrimp,66,76,139,219
d647c4054c5d0839_jpg.rf.2b7594a62748c8a4247ac1779c57eec1.jpg,416,416,Shrimp,141,64,300,246
d647c4054c5d0839_jpg.rf.2b7594a62748c8a4247ac1779c57eec1.jpg,416,416,Shrimp,190,184,229,277
d647c4054c5d0839_jpg.rf.2b7594a62748c8a4247ac1779c57eec1.jpg,416,416,Shrimp,216,138,369,275
0be7dac4f4242d57_jpg.rf.21cb435c654b77304b3c97adf8286c5a.jpg,416,416,Lobster,70,0,386,412
23fe6f463f35929a_jpg.rf.1ba1121ec5029f043139728eae773986.jpg,416,416,Lobster,56,44,339,355
a15d10989d6da3ec_jpg.rf.26b07881d8090d84eb66b8e3ddea833c.jpg,416,416,Lobster,59,0,372,244
9965cbf8aa20bda0_jpg.rf.1c1a508e2a1f96383898f48b645d558c.jpg,416,416,Lobster,28,50,315,300
b4a577eaeb8c929f_jpg.rf.21ac2688a38fb5f56a9d527267493712.jpg,416,416,Shrimp,187,24,253,207
b4a577eaeb8c929f_jpg.rf.21ac2688a38fb5f56a9d527267493712.jpg,416,416,Shrimp,240,16,311,210
2eafb10f9f82c8c4_jpg.rf.242122387a8ba078bc5b38cfb9d16ebb.jpg,416,416,Lobster,30,65,369,219
f2b1eab74ad22e20_jpg.rf.27468e3da67faf3f098b3a9f8d204035.jpg,416,416,Shrimp,0,223,183,416
f2b1eab74ad22e20_jpg.rf.27468e3da67faf3f098b3a9f8d204035.jpg,416,416,Shrimp,0,205,289,416
f2b1eab74ad22e20_jpg.rf.27468e3da67faf3f098b3a9f8d204035.jpg,416,416,Shrimp,0,134,343,414
f2b1eab74ad22e20_jpg.rf.27468e3da67faf3f098b3a9f8d204035.jpg,416,416,Shrimp,133,112,408,303
f2b1eab74ad22e20_jpg.rf.27468e3da67faf3f098b3a9f8d204035.jpg,416,416,Shrimp,191,0,335,164
b2ffe3167757db40_jpg.rf.2ae62063112c5f85005c1847206e8618.jpg,416,416,Lobster,82,22,343,161
111864abc3d6ab85_jpg.rf.2ad77148f06939d076f5236e98c6afd9.jpg,416,416,Crab,6,130,412,325
1a072926beaaedff_jpg.rf.1f8651cf6ffe3670fdd1a6ca75621bc2.jpg,416,416,Lobster,26,93,415,416
0b7bfc590045b08c_jpg.rf.2c10cee5bd634292a8aa7f20fa389a6d.jpg,416,416,Crab,5,0,186,363
b7ad866991e0ecdd_jpg.rf.29823c412d3732ead684ff2e7da668e2.jpg,416,416,Shrimp,198,253,301,310
b7ad866991e0ecdd_jpg.rf.29823c412d3732ead684ff2e7da668e2.jpg,416,416,Shrimp,66,229,145,287
b7ad866991e0ecdd_jpg.rf.29823c412d3732ead684ff2e7da668e2.jpg,416,416,Shrimp,67,277,130,363
b7ad866991e0ecdd_jpg.rf.29823c412d3732ead684ff2e7da668e2.jpg,416,416,Shrimp,74,168,167,235
b7ad866991e0ecdd_jpg.rf.29823c412d3732ead684ff2e7da668e2.jpg,416,416,Shrimp,86,75,166,115
b7ad866991e0ecdd_jpg.rf.29823c412d3732ead684ff2e7da668e2.jpg,416,416,Shrimp,90,117,177,174
b7ad866991e0ecdd_jpg.rf.29823c412d3732ead684ff2e7da668e2.jpg,416,416,Shrimp,138,299,212,368
b7ad866991e0ecdd_jpg.rf.29823c412d3732ead684ff2e7da668e2.jpg,416,416,Shrimp,165,125,255,179
b7ad866991e0ecdd_jpg.rf.29823c412d3732ead684ff2e7da668e2.jpg,416,416,Shrimp,165,72,265,123
b7ad866991e0ecdd_jpg.rf.29823c412d3732ead684ff2e7da668e2.jpg,416,416,Shrimp,209,187,280,253
b7ad866991e0ecdd_jpg.rf.29823c412d3732ead684ff2e7da668e2.jpg,416,416,Shrimp,210,313,288,374
b7ad866991e0ecdd_jpg.rf.29823c412d3732ead684ff2e7da668e2.jpg,416,416,Shrimp,231,120,332,192
be1a10df25278693_jpg.rf.321450aa533aa2644f5a297e981a48b1.jpg,416,416,Shrimp,345,128,373,177
be1a10df25278693_jpg.rf.321450aa533aa2644f5a297e981a48b1.jpg,416,416,Shrimp,360,48,390,98
be1a10df25278693_jpg.rf.321450aa533aa2644f5a297e981a48b1.jpg,416,416,Shrimp,363,166,396,215
be1a10df25278693_jpg.rf.321450aa533aa2644f5a297e981a48b1.jpg,416,416,Shrimp,376,94,406,135
be1a10df25278693_jpg.rf.321450aa533aa2644f5a297e981a48b1.jpg,416,416,Shrimp,391,204,416,243
36203afbea92f47f_jpg.rf.23b14ead51de0bc1f8b861bedbae6658.jpg,416,416,Crab,111,98,335,291
13ef71865068fee5_jpg.rf.1bf9648d3a16e3ae6a6f6c353603508a.jpg,416,416,Lobster,0,0,87,307
13ef71865068fee5_jpg.rf.1bf9648d3a16e3ae6a6f6c353603508a.jpg,416,416,Lobster,65,67,281,333
13ef71865068fee5_jpg.rf.1bf9648d3a16e3ae6a6f6c353603508a.jpg,416,416,Lobster,114,0,261,72
14c6a7ae32f0e04f_jpg.rf.2d1d35fec018c9fa8e47a56b849cf0fa.jpg,416,416,Crab,0,118,154,274
14c6a7ae32f0e04f_jpg.rf.2d1d35fec018c9fa8e47a56b849cf0fa.jpg,416,416,Crab,226,139,410,280
0ad1c087a455e645_jpg.rf.2ecb7412f3b15ef478db05ebfcb01baf.jpg,416,416,Crab,7,37,405,376
0ad1c087a455e645_jpg.rf.2ecb7412f3b15ef478db05ebfcb01baf.jpg,416,416,Crab,321,240,416,416
0e52d592eae8cdc5_jpg.rf.2fd0dde4d433184ddaddb387269647e3.jpg,416,416,Shrimp,10,204,153,317
0e52d592eae8cdc5_jpg.rf.2fd0dde4d433184ddaddb387269647e3.jpg,416,416,Shrimp,63,131,130,223
0e52d592eae8cdc5_jpg.rf.2fd0dde4d433184ddaddb387269647e3.jpg,416,416,Shrimp,76,82,190,194
0e52d592eae8cdc5_jpg.rf.2fd0dde4d433184ddaddb387269647e3.jpg,416,416,Shrimp,80,225,207,374
0e52d592eae8cdc5_jpg.rf.2fd0dde4d433184ddaddb387269647e3.jpg,416,416,Shrimp,183,0,259,186
0e52d592eae8cdc5_jpg.rf.2fd0dde4d433184ddaddb387269647e3.jpg,416,416,Shrimp,198,186,323,333
0e52d592eae8cdc5_jpg.rf.2fd0dde4d433184ddaddb387269647e3.jpg,416,416,Shrimp,237,142,326,239
658c0f64160e19b3_jpg.rf.2a4c8eb431d0b10dbff2e9345ae305e2.jpg,416,416,Shrimp,0,34,68,353
658c0f64160e19b3_jpg.rf.2a4c8eb431d0b10dbff2e9345ae305e2.jpg,416,416,Shrimp,0,170,274,416
658c0f64160e19b3_jpg.rf.2a4c8eb431d0b10dbff2e9345ae305e2.jpg,416,416,Shrimp,3,0,225,168
658c0f64160e19b3_jpg.rf.2a4c8eb431d0b10dbff2e9345ae305e2.jpg,416,416,Shrimp,227,67,394,334
f3da26d3f348430e_jpg.rf.35746444086bde42dfa6017d9ddf12c3.jpg,416,416,Lobster,0,45,416,397
23108132a0f370ce_jpg.rf.309b8cc4e0bc6703b3e6a9fcad8f44e4.jpg,416,416,Shrimp,231,205,337,357
23108132a0f370ce_jpg.rf.309b8cc4e0bc6703b3e6a9fcad8f44e4.jpg,416,416,Shrimp,282,157,376,270
23108132a0f370ce_jpg.rf.309b8cc4e0bc6703b3e6a9fcad8f44e4.jpg,416,416,Shrimp,288,247,376,372
0ff06c9f1758282f_jpg.rf.37e4f34813c14c4fbe38dc9b1886776d.jpg,416,416,Lobster,140,300,349,398
fd099e700e5fd793_jpg.rf.3361ef16975df7fb202bfa8af4a42f96.jpg,416,416,Lobster,106,67,348,367
2d405dbb3dcd1c07_jpg.rf.343c8106b6197d57e9f8ccfff2656078.jpg,416,416,Crab,0,54,352,416
c715cee5294e4f5b_jpg.rf.2d7e6ac0c0e54dc7419b0e0afd7d1920.jpg,416,416,Lobster,0,11,416,160
bc7eb0aef5dc5fbc_jpg.rf.324b6be3b9d0e57d2e73d06509643d81.jpg,416,416,Crab,59,46,393,416
15b05fe418ea030e_jpg.rf.381f3c396d04b43a776ff8234a04c16b.jpg,416,416,Lobster,110,106,368,305
6d1a5555a88994df_jpg.rf.370f01efbf049ee0438272c2fc690c58.jpg,416,416,Lobster,0,31,416,397
02c99056d3d8da22_jpg.rf.32eeca80df5ea5f12f27119e940d0296.jpg,416,416,Crab,0,183,412,389
0fe30fca143f097c_jpg.rf.36f96d611e20a441f0032a34bc211ea6.jpg,416,416,Lobster,77,53,294,360
72b3209fea78aad1_jpg.rf.3833374cf6dd2dbf420b1b24eaeceaf9.jpg,416,416,Shrimp,17,49,223,219
72b3209fea78aad1_jpg.rf.3833374cf6dd2dbf420b1b24eaeceaf9.jpg,416,416,Shrimp,77,93,267,347
72b3209fea78aad1_jpg.rf.3833374cf6dd2dbf420b1b24eaeceaf9.jpg,416,416,Shrimp,221,116,415,355
1b1cf0edff5f37b6_jpg.rf.3a60ab6161c4d7d961c6c46adbf1f5ac.jpg,416,416,Lobster,24,35,381,380
e50d847e228ac85a_jpg.rf.3ef3e84e6ddad5d9bfcca0db8f4dd314.jpg,416,416,Shrimp,39,110,103,230
e50d847e228ac85a_jpg.rf.3ef3e84e6ddad5d9bfcca0db8f4dd314.jpg,416,416,Shrimp,129,223,203,378
e50d847e228ac85a_jpg.rf.3ef3e84e6ddad5d9bfcca0db8f4dd314.jpg,416,416,Shrimp,192,60,291,190
fcfc20dfde1df8cc_jpg.rf.3397a51fb3d023c310344afa79c5cd60.jpg,416,416,Lobster,10,93,216,226
75b0cf75ed67450f_jpg.rf.40b463a14bb1b32ce823a35135d2a446.jpg,416,416,Lobster,100,81,304,405
528dcb2d5f58483a_jpg.rf.38549fee3a4c98dc10b9f4bd91c56381.jpg,416,416,Lobster,84,22,316,413
c4ce6eca9576e6df_jpg.rf.448bbc8225b8c87bff10e6694d31cc53.jpg,416,416,Crab,56,124,109,176
01f9efbbba500973_jpg.rf.3f08bfb548fe7568e4786b99c8743a23.jpg,416,416,Lobster,109,63,381,240
25afd65f68453933_jpg.rf.38609bbb2d286bb68b84793f41948a1e.jpg,416,416,Crab,0,118,416,416
ca40ce6da9ebfab9_jpg.rf.43094f965425e9ae4f976dfda80564a1.jpg,416,416,Shrimp,77,142,178,213
ca40ce6da9ebfab9_jpg.rf.43094f965425e9ae4f976dfda80564a1.jpg,416,416,Shrimp,154,180,223,299
ca40ce6da9ebfab9_jpg.rf.43094f965425e9ae4f976dfda80564a1.jpg,416,416,Shrimp,253,157,322,257
7e6fe7f150bcbc65_jpg.rf.46a17ab33e26e9605d7cd082e26af23d.jpg,416,416,Crab,82,12,328,396
74f18ccf8fba6f67_jpg.rf.469eaa9875e5f88d499fbbb43d35fa56.jpg,416,416,Crab,0,57,90,202
74f18ccf8fba6f67_jpg.rf.469eaa9875e5f88d499fbbb43d35fa56.jpg,416,416,Crab,33,65,377,333
74f18ccf8fba6f67_jpg.rf.469eaa9875e5f88d499fbbb43d35fa56.jpg,416,416,Crab,298,0,415,200
e3ede2148222e9f0_jpg.rf.49ff39b67ec255a9704ae9f8ca1111e1.jpg,416,416,Crab,121,187,220,296
2e73835c226f2672_jpg.rf.3c47114bd7fc8389b933f119ab9b100a.jpg,416,416,Crab,39,69,395,280
3dbfff8201745174_jpg.rf.43116bbf3755620596c29f22e60c4f94.jpg,416,416,Shrimp,92,183,295,349
3dbfff8201745174_jpg.rf.43116bbf3755620596c29f22e60c4f94.jpg,416,416,Shrimp,124,154,324,269
3dbfff8201745174_jpg.rf.43116bbf3755620596c29f22e60c4f94.jpg,416,416,Shrimp,290,104,347,189
3dbfff8201745174_jpg.rf.43116bbf3755620596c29f22e60c4f94.jpg,416,416,Shrimp,327,111,416,200
262de5ef210e1016_jpg.rf.3af3f8cad2c2e02c48dfc4c96e89e99d.jpg,416,416,Shrimp,0,0,338,324
099ef029abd4a697_jpg.rf.49841e0a3ef2cb84fd134e71875ff0a5.jpg,416,416,Shrimp,53,48,198,368
099ef029abd4a697_jpg.rf.49841e0a3ef2cb84fd134e71875ff0a5.jpg,416,416,Shrimp,125,65,296,349
099ef029abd4a697_jpg.rf.49841e0a3ef2cb84fd134e71875ff0a5.jpg,416,416,Shrimp,185,1,407,394
7e267889fbb3c65f_jpg.rf.459adaeb5923e51c1fd238eed66f9958.jpg,416,416,Shrimp,88,189,155,271
7e267889fbb3c65f_jpg.rf.459adaeb5923e51c1fd238eed66f9958.jpg,416,416,Shrimp,132,212,204,288
7e267889fbb3c65f_jpg.rf.459adaeb5923e51c1fd238eed66f9958.jpg,416,416,Shrimp,194,202,245,273
7e267889fbb3c65f_jpg.rf.459adaeb5923e51c1fd238eed66f9958.jpg,416,416,Shrimp,296,171,351,238
7e267889fbb3c65f_jpg.rf.459adaeb5923e51c1fd238eed66f9958.jpg,416,416,Shrimp,313,146,387,227
3b41d5ae09b04661_jpg.rf.48142bf641cc8741ad1d3cb8ea78e0f3.jpg,416,416,Shrimp,24,1,171,240
3b41d5ae09b04661_jpg.rf.48142bf641cc8741ad1d3cb8ea78e0f3.jpg,416,416,Shrimp,28,180,162,342
3b41d5ae09b04661_jpg.rf.48142bf641cc8741ad1d3cb8ea78e0f3.jpg,416,416,Shrimp,107,182,221,416
3b41d5ae09b04661_jpg.rf.48142bf641cc8741ad1d3cb8ea78e0f3.jpg,416,416,Shrimp,186,0,357,260
3b41d5ae09b04661_jpg.rf.48142bf641cc8741ad1d3cb8ea78e0f3.jpg,416,416,Shrimp,200,215,263,392
3b41d5ae09b04661_jpg.rf.48142bf641cc8741ad1d3cb8ea78e0f3.jpg,416,416,Shrimp,254,234,416,387
128e2f4bfae27992_jpg.rf.3a85781f92c6f077ac19f3b7b7d6e88b.jpg,416,416,Shrimp,19,24,237,379
128e2f4bfae27992_jpg.rf.3a85781f92c6f077ac19f3b7b7d6e88b.jpg,416,416,Shrimp,111,159,243,403
128e2f4bfae27992_jpg.rf.3a85781f92c6f077ac19f3b7b7d6e88b.jpg,416,416,Shrimp,181,28,335,393
128e2f4bfae27992_jpg.rf.3a85781f92c6f077ac19f3b7b7d6e88b.jpg,416,416,Shrimp,193,5,388,321
42c0d34639886a18_jpg.rf.4fa9ce39d4e1dd1d9f6998d32a3efcbf.jpg,416,416,Shrimp,171,173,256,285
42c0d34639886a18_jpg.rf.4fa9ce39d4e1dd1d9f6998d32a3efcbf.jpg,416,416,Shrimp,152,147,240,201
42c0d34639886a18_jpg.rf.4fa9ce39d4e1dd1d9f6998d32a3efcbf.jpg,416,416,Shrimp,235,193,360,292
42c0d34639886a18_jpg.rf.4fa9ce39d4e1dd1d9f6998d32a3efcbf.jpg,416,416,Shrimp,264,151,322,178
42c0d34639886a18_jpg.rf.4fa9ce39d4e1dd1d9f6998d32a3efcbf.jpg,416,416,Shrimp,295,204,415,276
42c0d34639886a18_jpg.rf.4fa9ce39d4e1dd1d9f6998d32a3efcbf.jpg,416,416,Shrimp,319,165,392,206
42c0d34639886a18_jpg.rf.4fa9ce39d4e1dd1d9f6998d32a3efcbf.jpg,416,416,Shrimp,373,193,416,229
5eac1d9b009c6288_jpg.rf.4dd92b999b1b32ad4eb060dac89a7bbc.jpg,416,416,Shrimp,150,147,296,306
8062a17e7438c99c_jpg.rf.46982b219ec8939a12153aab43c6b438.jpg,416,416,Crab,201,108,313,155
8062a17e7438c99c_jpg.rf.46982b219ec8939a12153aab43c6b438.jpg,416,416,Crab,204,350,308,385
c2dca45e46c818af_jpg.rf.46fe761e3aa62ff89bdd6d744b01cb95.jpg,416,416,Crab,91,28,299,326
40de8e451bbbdeb9_jpg.rf.50ba70e131e160a997f3ad42a0d7ad1c.jpg,416,416,Crab,0,13,411,415
8916b8bd34ce32c9_jpg.rf.480ed7250ca7e8bc9a89749d17ff7cf9.jpg,416,416,Crab,11,50,374,374
89bcc46ecc9cb7da_jpg.rf.50bc3a3fa9ef7899e0e89efd11024f0d.jpg,416,416,Shrimp,0,160,187,240
89bcc46ecc9cb7da_jpg.rf.50bc3a3fa9ef7899e0e89efd11024f0d.jpg,416,416,Shrimp,45,231,232,360
89bcc46ecc9cb7da_jpg.rf.50bc3a3fa9ef7899e0e89efd11024f0d.jpg,416,416,Shrimp,67,116,170,165
89bcc46ecc9cb7da_jpg.rf.50bc3a3fa9ef7899e0e89efd11024f0d.jpg,416,416,Shrimp,82,63,209,119
89bcc46ecc9cb7da_jpg.rf.50bc3a3fa9ef7899e0e89efd11024f0d.jpg,416,416,Shrimp,176,68,319,234
89bcc46ecc9cb7da_jpg.rf.50bc3a3fa9ef7899e0e89efd11024f0d.jpg,416,416,Shrimp,229,146,416,375
08d7b09b696b8daa_jpg.rf.4ed51fb1cdab0cfbf2a8c4ac58b8e79c.jpg,416,416,Crab,110,97,268,256
2e47bb29282ed0f9_jpg.rf.4c8b1e851067f309dfcf2156a075430d.jpg,416,416,Shrimp,156,95,313,219
2e47bb29282ed0f9_jpg.rf.4c8b1e851067f309dfcf2156a075430d.jpg,416,416,Shrimp,170,166,271,336
2e47bb29282ed0f9_jpg.rf.4c8b1e851067f309dfcf2156a075430d.jpg,416,416,Shrimp,197,316,287,414
f546ea85fc4e7d36_jpg.rf.2c83766bbfe8d1ad5f350f7af94c5fd9.jpg,416,416,Crab,0,169,310,416
1d8ad784a27818c3_jpg.rf.5049487e825c3ac8554f458c73d45f09.jpg,416,416,Shrimp,277,37,408,325
1d8ad784a27818c3_jpg.rf.5049487e825c3ac8554f458c73d45f09.jpg,416,416,Shrimp,16,183,200,351
1d8ad784a27818c3_jpg.rf.5049487e825c3ac8554f458c73d45f09.jpg,416,416,Shrimp,101,136,260,232
1d8ad784a27818c3_jpg.rf.5049487e825c3ac8554f458c73d45f09.jpg,416,416,Shrimp,150,0,246,188
1d8ad784a27818c3_jpg.rf.5049487e825c3ac8554f458c73d45f09.jpg,416,416,Shrimp,174,167,336,407
1d8ad784a27818c3_jpg.rf.5049487e825c3ac8554f458c73d45f09.jpg,416,416,Shrimp,282,50,416,122
204ebab35f42eacb_jpg.rf.5357003f23cc0cb72d422e00ce4b2df7.jpg,416,416,Lobster,71,69,263,322
313a519d1f358c4e_jpg.rf.5009b687003f624b68a25c7b57102f1e.jpg,416,416,Shrimp,176,208,365,415
313a519d1f358c4e_jpg.rf.5009b687003f624b68a25c7b57102f1e.jpg,416,416,Shrimp,186,169,317,400
8e72fb6337a11ca1_jpg.rf.4bbacf881f21fd36e1f4163d1bbfe982.jpg,416,416,Crab,151,106,363,335
7708ea2c12aa4e3d_jpg.rf.545b7bd0bd4ffe9c5f792329d3f87490.jpg,416,416,Shrimp,91,44,212,303
7708ea2c12aa4e3d_jpg.rf.545b7bd0bd4ffe9c5f792329d3f87490.jpg,416,416,Shrimp,175,34,261,291
3b431eb00da87150_jpg.rf.4c80e163988bf8f4e3175b6c74ed0243.jpg,416,416,Shrimp,117,147,301,385
3b431eb00da87150_jpg.rf.4c80e163988bf8f4e3175b6c74ed0243.jpg,416,416,Shrimp,141,131,360,387
3b431eb00da87150_jpg.rf.4c80e163988bf8f4e3175b6c74ed0243.jpg,416,416,Shrimp,170,160,367,380
646231ef7d7a3092_jpg.rf.55646c806891d31fc71802313360737d.jpg,416,416,Crab,19,24,351,354
08bfc689ca25015d_jpg.rf.550a5b9b5d587b9586fb2d5e0400bec6.jpg,416,416,Crab,48,82,204,292
c3aa02f457a377a2_jpg.rf.4bc3c01dca6c161ac381703cd6d6a436.jpg,416,416,Shrimp,4,323,184,415
c3aa02f457a377a2_jpg.rf.4bc3c01dca6c161ac381703cd6d6a436.jpg,416,416,Shrimp,118,108,259,290
c3aa02f457a377a2_jpg.rf.4bc3c01dca6c161ac381703cd6d6a436.jpg,416,416,Shrimp,257,53,366,300
092fc6bcd491bf88_jpg.rf.56a8f8d86d31df5c393d80d06406c39a.jpg,416,416,Lobster,56,17,334,264
6b9c5c3d1dd3d104_jpg.rf.56bd191d37a0afe5b27bced002792f22.jpg,416,416,Lobster,259,117,332,275
12bda06325f0a5e4_jpg.rf.557257947d719842495248fe01d70b73.jpg,416,416,Crab,0,202,52,235
12bda06325f0a5e4_jpg.rf.557257947d719842495248fe01d70b73.jpg,416,416,Crab,0,200,79,259
12bda06325f0a5e4_jpg.rf.557257947d719842495248fe01d70b73.jpg,416,416,Crab,108,166,209,249
12bda06325f0a5e4_jpg.rf.557257947d719842495248fe01d70b73.jpg,416,416,Crab,268,138,378,266
ac6a2bd05f3ecb58_jpg.rf.56b70ca4299073a19b38da350ccbbdaa.jpg,416,416,Lobster,144,260,272,396
ac6a2bd05f3ecb58_jpg.rf.56b70ca4299073a19b38da350ccbbdaa.jpg,416,416,Lobster,13,312,67,384
ac6a2bd05f3ecb58_jpg.rf.56b70ca4299073a19b38da350ccbbdaa.jpg,416,416,Lobster,60,321,178,371
ac6a2bd05f3ecb58_jpg.rf.56b70ca4299073a19b38da350ccbbdaa.jpg,416,416,Lobster,337,301,412,339
2428f7b949f5d692_jpg.rf.5c1e4e7bded245ff4ad690580b615000.jpg,416,416,Lobster,1,178,416,342
2428f7b949f5d692_jpg.rf.5c1e4e7bded245ff4ad690580b615000.jpg,416,416,Lobster,176,146,359,314
7ac82a4252fe5eb1_jpg.rf.5b461b5874b7683a3f180067806a0b94.jpg,416,416,Crab,176,177,225,220
754ec29763ffd4bc_jpg.rf.5fd4b63c468971c721b4ea29a41e6619.jpg,416,416,Crab,116,224,283,285
f2a75ed4c34d0380_jpg.rf.63c48b58f39f5efb005b409508e58fec.jpg,416,416,Crab,62,23,306,331
07bcd8949c7b42fc_jpg.rf.55a527ea23155ade749b6f793a2720f5.jpg,416,416,Shrimp,0,83,113,353
07bcd8949c7b42fc_jpg.rf.55a527ea23155ade749b6f793a2720f5.jpg,416,416,Shrimp,0,287,129,415
07bcd8949c7b42fc_jpg.rf.55a527ea23155ade749b6f793a2720f5.jpg,416,416,Shrimp,3,206,52,291
07bcd8949c7b42fc_jpg.rf.55a527ea23155ade749b6f793a2720f5.jpg,416,416,Shrimp,32,120,196,386
07bcd8949c7b42fc_jpg.rf.55a527ea23155ade749b6f793a2720f5.jpg,416,416,Shrimp,36,122,194,370
2a1672471922ed74_jpg.rf.5d254cd2eee2107753f6ee950ffbb8ba.jpg,416,416,Shrimp,253,128,347,242
2a1672471922ed74_jpg.rf.5d254cd2eee2107753f6ee950ffbb8ba.jpg,416,416,Shrimp,256,63,334,133
b03a02a83b436ae4_jpg.rf.57f2ea7e251b60503228b03ba45f3dab.jpg,416,416,Shrimp,52,149,95,196
b03a02a83b436ae4_jpg.rf.57f2ea7e251b60503228b03ba45f3dab.jpg,416,416,Shrimp,62,192,131,223
b03a02a83b436ae4_jpg.rf.57f2ea7e251b60503228b03ba45f3dab.jpg,416,416,Shrimp,76,126,148,176
b03a02a83b436ae4_jpg.rf.57f2ea7e251b60503228b03ba45f3dab.jpg,416,416,Shrimp,135,112,193,163
b03a02a83b436ae4_jpg.rf.57f2ea7e251b60503228b03ba45f3dab.jpg,416,416,Shrimp,159,212,230,255
b03a02a83b436ae4_jpg.rf.57f2ea7e251b60503228b03ba45f3dab.jpg,416,416,Shrimp,161,225,197,265
b03a02a83b436ae4_jpg.rf.57f2ea7e251b60503228b03ba45f3dab.jpg,416,416,Shrimp,173,168,222,205
b03a02a83b436ae4_jpg.rf.57f2ea7e251b60503228b03ba45f3dab.jpg,416,416,Shrimp,197,264,251,299
b03a02a83b436ae4_jpg.rf.57f2ea7e251b60503228b03ba45f3dab.jpg,416,416,Shrimp,216,183,268,230
19b4014943e0ad92_jpg.rf.585b5c4280905b582a2702a17a2f2620.jpg,416,416,Shrimp,34,0,416,416
ab8bc4e96daf394f_jpg.rf.5827a9986a559c17428bd864a06acd07.jpg,416,416,Shrimp,82,122,141,178
ab8bc4e96daf394f_jpg.rf.5827a9986a559c17428bd864a06acd07.jpg,416,416,Shrimp,93,183,142,249
ab8bc4e96daf394f_jpg.rf.5827a9986a559c17428bd864a06acd07.jpg,416,416,Shrimp,95,240,139,296
ab8bc4e96daf394f_jpg.rf.5827a9986a559c17428bd864a06acd07.jpg,416,416,Shrimp,125,60,181,130
ab8bc4e96daf394f_jpg.rf.5827a9986a559c17428bd864a06acd07.jpg,416,416,Shrimp,137,223,191,296
ab8bc4e96daf394f_jpg.rf.5827a9986a559c17428bd864a06acd07.jpg,416,416,Shrimp,157,142,207,203
ab8bc4e96daf394f_jpg.rf.5827a9986a559c17428bd864a06acd07.jpg,416,416,Shrimp,164,31,204,81
ab8bc4e96daf394f_jpg.rf.5827a9986a559c17428bd864a06acd07.jpg,416,416,Shrimp,177,259,215,349
ab8bc4e96daf394f_jpg.rf.5827a9986a559c17428bd864a06acd07.jpg,416,416,Shrimp,198,113,232,157
ab8bc4e96daf394f_jpg.rf.5827a9986a559c17428bd864a06acd07.jpg,416,416,Shrimp,207,168,264,235
ab8bc4e96daf394f_jpg.rf.5827a9986a559c17428bd864a06acd07.jpg,416,416,Shrimp,213,34,266,70
ab8bc4e96daf394f_jpg.rf.5827a9986a559c17428bd864a06acd07.jpg,416,416,Shrimp,221,258,289,346
ab8bc4e96daf394f_jpg.rf.5827a9986a559c17428bd864a06acd07.jpg,416,416,Shrimp,232,106,279,156
ab8bc4e96daf394f_jpg.rf.5827a9986a559c17428bd864a06acd07.jpg,416,416,Shrimp,253,161,314,223
ab8bc4e96daf394f_jpg.rf.5827a9986a559c17428bd864a06acd07.jpg,416,416,Shrimp,254,250,307,313
ab8bc4e96daf394f_jpg.rf.5827a9986a559c17428bd864a06acd07.jpg,416,416,Shrimp,269,53,314,100
ab8bc4e96daf394f_jpg.rf.5827a9986a559c17428bd864a06acd07.jpg,416,416,Shrimp,290,131,340,186
ab8bc4e96daf394f_jpg.rf.5827a9986a559c17428bd864a06acd07.jpg,416,416,Shrimp,317,217,375,282
ab8bc4e96daf394f_jpg.rf.5827a9986a559c17428bd864a06acd07.jpg,416,416,Shrimp,321,101,379,156
ab8bc4e96daf394f_jpg.rf.5827a9986a559c17428bd864a06acd07.jpg,416,416,Shrimp,340,162,373,213
4e6f1f45053e0014_jpg.rf.584cd0f0d27efc34d29af2618f732e1a.jpg,416,416,Crab,6,79,341,401
479cd010eb1772de_jpg.rf.57ea6d13205fc3ef9565b5dc7eefcc09.jpg,416,416,Crab,78,148,389,412
caa3859612b42675_jpg.rf.62542ae5d7e876c5457bac4a81a6702b.jpg,416,416,Crab,48,27,335,384
388f171e9f4b0358_jpg.rf.58b2a98f57993b8330041213948f7c33.jpg,416,416,Lobster,0,75,387,415
c30cb6f73b617d8b_jpg.rf.562a9035644195b6da1716f535ca543a.jpg,416,416,Shrimp,118,117,247,273
c30cb6f73b617d8b_jpg.rf.562a9035644195b6da1716f535ca543a.jpg,416,416,Shrimp,173,82,311,231
b698c666b73236b3_jpg.rf.67a4144c3b3885d1e3ea7c7c96666b6b.jpg,416,416,Lobster,36,106,402,323
5a38d27537c5d52e_jpg.rf.5f19100825e790dd536ad4db2ef800af.jpg,416,416,Crab,41,62,382,282
5a38d27537c5d52e_jpg.rf.5f19100825e790dd536ad4db2ef800af.jpg,416,416,Crab,41,55,377,285
af66c39a5aec1989_jpg.rf.5eb775cbe2521db1aa8675b31ac7cad5.jpg,416,416,Crab,0,0,416,392
f10855cade9e6bda_jpg.rf.59fc5b045fd53153c0e894c9100b8e7c.jpg,416,416,Shrimp,79,195,234,282
f10855cade9e6bda_jpg.rf.59fc5b045fd53153c0e894c9100b8e7c.jpg,416,416,Shrimp,81,268,200,352
f10855cade9e6bda_jpg.rf.59fc5b045fd53153c0e894c9100b8e7c.jpg,416,416,Shrimp,133,219,258,365
1c1e45570b6b9128_jpg.rf.6ae58643b189ab7614875974263c88c7.jpg,416,416,Crab,127,166,293,291
54117c9a7dd60ece_jpg.rf.642dbecf862d83ce86ba2c040f6cfbce.jpg,416,416,Shrimp,151,11,338,355
24e96c7f9ead9e0e_jpg.rf.5dbddef2ca8f0ad8179fb936c8f3c982.jpg,416,416,Crab,0,232,128,305
f7f5f370322f2e38_jpg.rf.67d4d5df9307201f8cab881218866725.jpg,416,416,Crab,55,105,372,388
44bca480a141cc76_jpg.rf.6722c8a90e5148ef46e01196b1e92beb.jpg,416,416,Crab,115,172,305,303
0efa1b270358ce5b_jpg.rf.73693f21cd747ebfad9100f005783a56.jpg,416,416,Lobster,102,62,411,367
c7fac5e09a9161df_jpg.rf.5b2ad31f6b59fd625e14ef148b68fc7f.jpg,416,416,Shrimp,0,38,367,336
8f9d4455d36a4464_jpg.rf.5f29d6d938ef483fbad5c847390643ab.jpg,416,416,Crab,81,143,242,271
e8247fd9f43fe4b9_jpg.rf.670c23f099dc0ae381a76a45a27adb9e.jpg,416,416,Crab,10,36,415,361
c0e64e57a7008acf_jpg.rf.68ee0c2bc630a175cfa81e9556616393.jpg,416,416,Lobster,111,160,416,395
4c007537e5f55764_jpg.rf.6985b0e305cf44900a27ea26ceb037b0.jpg,416,416,Shrimp,58,82,379,325
3853d16f2c248eb7_jpg.rf.7110969b6f03084799bd3d672d9a2b3c.jpg,416,416,Shrimp,72,157,114,233
3853d16f2c248eb7_jpg.rf.7110969b6f03084799bd3d672d9a2b3c.jpg,416,416,Shrimp,149,269,240,354
3853d16f2c248eb7_jpg.rf.7110969b6f03084799bd3d672d9a2b3c.jpg,416,416,Shrimp,252,220,330,321
3853d16f2c248eb7_jpg.rf.7110969b6f03084799bd3d672d9a2b3c.jpg,416,416,Shrimp,285,162,341,233
53df9d6557ed3c7d_jpg.rf.72963954fcb7cfb226e6669f5055da92.jpg,416,416,Crab,121,63,386,367
16690f97d58cbb95_jpg.rf.699c25f0995d7a42a3961be9e8f2a625.jpg,416,416,Crab,32,127,397,343
d82fb21da21e6fd8_jpg.rf.6f33bed919fc5e03981fb821934a60ae.jpg,416,416,Crab,115,88,394,356
c65f396c0c0cfdaf_jpg.rf.6ba21d455949508c6b3c45a01b32b1f6.jpg,416,416,Shrimp,85,189,255,289
cfd8ba188d53a049_jpg.rf.69d152a4778a7a5d4ce03ff0b20ac951.jpg,416,416,Crab,0,137,416,328
7323c3800651e19f_jpg.rf.73b9abaa1538a06e590ffe3ad6cf5853.jpg,416,416,Crab,50,4,357,415
00ae19e96119bae7_jpg.rf.7861ab17e25fe3adeaa8169bbbd53db7.jpg,416,416,Lobster,3,69,415,392
2ae9e21a100d41a0_jpg.rf.71310c0e9378dc7c44f74c29c542b9a5.jpg,416,416,Crab,51,216,342,369
2ae9e21a100d41a0_jpg.rf.71310c0e9378dc7c44f74c29c542b9a5.jpg,416,416,Crab,72,109,322,188
2ae9e21a100d41a0_jpg.rf.71310c0e9378dc7c44f74c29c542b9a5.jpg,416,416,Crab,127,30,270,91
04b91dbc3e0b3b09_jpg.rf.72d80c71eb321671dc0cf62a5dede3b4.jpg,416,416,Crab,110,0,299,360
929b6d6268fb05d7_jpg.rf.790d8469ec13ec70331c7f714744bbe0.jpg,416,416,Crab,43,186,416,404
f6d9a76a99c143f2_jpg.rf.741555a11474b2463753d7856d512660.jpg,416,416,Crab,22,141,336,288
2540e82ae8a71730_jpg.rf.7394dd02f6f417d2d3d211e93d11d587.jpg,416,416,Lobster,58,3,413,323
518188c7b4e0cf01_jpg.rf.78f096a7fc8bc5f005d908ade3dca2e5.jpg,416,416,Shrimp,99,171,189,305
518188c7b4e0cf01_jpg.rf.78f096a7fc8bc5f005d908ade3dca2e5.jpg,416,416,Shrimp,108,55,200,198
518188c7b4e0cf01_jpg.rf.78f096a7fc8bc5f005d908ade3dca2e5.jpg,416,416,Shrimp,168,255,283,374
518188c7b4e0cf01_jpg.rf.78f096a7fc8bc5f005d908ade3dca2e5.jpg,416,416,Shrimp,198,147,287,229
518188c7b4e0cf01_jpg.rf.78f096a7fc8bc5f005d908ade3dca2e5.jpg,416,416,Shrimp,204,57,322,150
518188c7b4e0cf01_jpg.rf.78f096a7fc8bc5f005d908ade3dca2e5.jpg,416,416,Shrimp,280,219,369,351
518188c7b4e0cf01_jpg.rf.78f096a7fc8bc5f005d908ade3dca2e5.jpg,416,416,Shrimp,289,127,391,259
19d6f8467244b797_jpg.rf.7868636cbd51217d113429ba566c09f7.jpg,416,416,Shrimp,40,0,358,413
7b867ced9d638fbf_jpg.rf.77e0a6183b5c276408f48a8e987bccb7.jpg,416,416,Shrimp,1,90,233,271
7b867ced9d638fbf_jpg.rf.77e0a6183b5c276408f48a8e987bccb7.jpg,416,416,Shrimp,156,123,283,357
7b867ced9d638fbf_jpg.rf.77e0a6183b5c276408f48a8e987bccb7.jpg,416,416,Shrimp,177,9,274,87
7b867ced9d638fbf_jpg.rf.77e0a6183b5c276408f48a8e987bccb7.jpg,416,416,Shrimp,220,27,347,231
7b867ced9d638fbf_jpg.rf.77e0a6183b5c276408f48a8e987bccb7.jpg,416,416,Shrimp,271,136,405,327
7f2f19b4f7d45f83_jpg.rf.7bded80d612cb7fa08787d77bfea5f2b.jpg,416,416,Shrimp,35,167,144,270
7f2f19b4f7d45f83_jpg.rf.7bded80d612cb7fa08787d77bfea5f2b.jpg,416,416,Shrimp,103,35,191,184
7f2f19b4f7d45f83_jpg.rf.7bded80d612cb7fa08787d77bfea5f2b.jpg,416,416,Shrimp,107,226,197,351
7f2f19b4f7d45f83_jpg.rf.7bded80d612cb7fa08787d77bfea5f2b.jpg,416,416,Shrimp,220,232,275,342
7f2f19b4f7d45f83_jpg.rf.7bded80d612cb7fa08787d77bfea5f2b.jpg,416,416,Shrimp,253,35,338,191
7f2f19b4f7d45f83_jpg.rf.7bded80d612cb7fa08787d77bfea5f2b.jpg,416,416,Shrimp,253,273,307,416
7f2f19b4f7d45f83_jpg.rf.7bded80d612cb7fa08787d77bfea5f2b.jpg,416,416,Shrimp,313,93,398,240
b2e8bfadd9718fc2_jpg.rf.6d05e26b70ce0811fa55a383399a8673.jpg,416,416,Crab,7,86,389,416
20d115b597f302b0_jpg.rf.767781b0ee25a39bd5b56cd5feaf7540.jpg,416,416,Lobster,140,179,293,276
2156ca64d1d42fb9_jpg.rf.78452b7c72bbeaef9d9a756b0472b8fd.jpg,416,416,Shrimp,48,89,131,258
2156ca64d1d42fb9_jpg.rf.78452b7c72bbeaef9d9a756b0472b8fd.jpg,416,416,Shrimp,100,47,177,282
2156ca64d1d42fb9_jpg.rf.78452b7c72bbeaef9d9a756b0472b8fd.jpg,416,416,Shrimp,133,73,261,331
2156ca64d1d42fb9_jpg.rf.78452b7c72bbeaef9d9a756b0472b8fd.jpg,416,416,Shrimp,205,102,359,388
0da1f6711a6b8096_jpg.rf.7e9085e412332490fca12c6d368e7175.jpg,416,416,Shrimp,69,52,404,342
0fca5bfa226d2d4e_jpg.rf.8011490c03fdf4c54bd3ad643f0e5717.jpg,416,416,Lobster,59,162,416,375
1342a825639b3387_jpg.rf.841fe8ac62b31d7ae60efae7cc25ef62.jpg,416,416,Shrimp,135,244,245,320
1342a825639b3387_jpg.rf.841fe8ac62b31d7ae60efae7cc25ef62.jpg,416,416,Shrimp,155,46,410,416
1342a825639b3387_jpg.rf.841fe8ac62b31d7ae60efae7cc25ef62.jpg,416,416,Shrimp,195,209,377,309
1342a825639b3387_jpg.rf.841fe8ac62b31d7ae60efae7cc25ef62.jpg,416,416,Shrimp,244,155,415,386
d5edf51d2013344f_jpg.rf.7a882393e12b329eedf8b0588b1f12c0.jpg,416,416,Lobster,0,73,216,325
d5edf51d2013344f_jpg.rf.7a882393e12b329eedf8b0588b1f12c0.jpg,416,416,Lobster,223,73,381,379
2235db4b8b237f02_jpg.rf.6c749e55ae08b3a284a25a8518bfa7dd.jpg,416,416,Crab,11,73,387,328
188d5f731db1ca6a_jpg.rf.79f35ecad9b308b4b2501787cc7e9742.jpg,416,416,Shrimp,196,161,237,197
188d5f731db1ca6a_jpg.rf.79f35ecad9b308b4b2501787cc7e9742.jpg,416,416,Shrimp,205,139,292,212
188d5f731db1ca6a_jpg.rf.79f35ecad9b308b4b2501787cc7e9742.jpg,416,416,Shrimp,224,143,277,224
188d5f731db1ca6a_jpg.rf.79f35ecad9b308b4b2501787cc7e9742.jpg,416,416,Shrimp,299,171,355,220
cad8a8e85c43d25d_jpg.rf.7ae89d52e014dfff8db49d3b40c5963e.jpg,416,416,Shrimp,92,142,252,315
37133739d7c5d76a_jpg.rf.7d8db4fc2bc909a69e3c0adab4eb890c.jpg,416,416,Lobster,1,225,350,369
37133739d7c5d76a_jpg.rf.7d8db4fc2bc909a69e3c0adab4eb890c.jpg,416,416,Lobster,5,52,230,252
37133739d7c5d76a_jpg.rf.7d8db4fc2bc909a69e3c0adab4eb890c.jpg,416,416,Lobster,163,161,332,252
f09ae2e2ca3f8cf3_jpg.rf.7c10c537100d4fd431053ad42faaf520.jpg,416,416,Lobster,0,83,415,415
1fef2dedb6c943ce_jpg.rf.838931236e488dadc715bf189837fb4a.jpg,416,416,Lobster,0,12,377,404
0c52fb1e121e1a63_jpg.rf.7a98b7d35a4c7fa0669eb8e7727fb77d.jpg,416,416,Shrimp,0,62,295,214
0c52fb1e121e1a63_jpg.rf.7a98b7d35a4c7fa0669eb8e7727fb77d.jpg,416,416,Shrimp,0,110,387,348
08e1b905346610fd_jpg.rf.7f531f7e6daa1c6cd56f35de17bfbfae.jpg,416,416,Lobster,79,59,251,412
35d928d0f5153344_jpg.rf.7cc892a152d1c494e80838e4917affa3.jpg,416,416,Crab,112,140,308,338
7b8764eda173b7d4_jpg.rf.83063adb11363c18aecc3a64dba80797.jpg,416,416,Lobster,96,270,258,406
7b8764eda173b7d4_jpg.rf.83063adb11363c18aecc3a64dba80797.jpg,416,416,Lobster,227,144,336,402
e83ed629fa08d455_jpg.rf.80301d4d8910c054d8af2f6444b9fa6c.jpg,416,416,Lobster,24,99,389,373
e83ed629fa08d455_jpg.rf.80301d4d8910c054d8af2f6444b9fa6c.jpg,416,416,Lobster,161,0,390,33
885059b426de19fe_jpg.rf.8341874d945925f8a124d24022bebd70.jpg,416,416,Crab,27,111,413,351
70554081504d762d_jpg.rf.83b0a6fa36a4dc1b43788b60efe67394.jpg,416,416,Crab,43,148,273,340
6f8ffbfbaf8e6d26_jpg.rf.7a65facd8a07c79bfe33d6e50b2fa8d9.jpg,416,416,Lobster,58,196,252,397
14209d0226547341_jpg.rf.799be91e9505a54edd77c2b179018f0d.jpg,416,416,Lobster,1,26,332,295
450c379a5b50fb3c_jpg.rf.8454d5f7dc96cc7e83d974ca7eb3a8c0.jpg,416,416,Lobster,35,60,416,398
a3b392ca33ff44da_jpg.rf.82257a2779c48633da5c8fc2453e41be.jpg,416,416,Lobster,0,0,415,389
4faad76a341011e3_jpg.rf.857372d73f6d6ef1b00b2bcbc98e9e10.jpg,416,416,Shrimp,206,146,325,333
4faad76a341011e3_jpg.rf.857372d73f6d6ef1b00b2bcbc98e9e10.jpg,416,416,Shrimp,89,107,177,256
4faad76a341011e3_jpg.rf.857372d73f6d6ef1b00b2bcbc98e9e10.jpg,416,416,Shrimp,109,118,211,323
1381c211c3d2d22b_jpg.rf.870f1a10f6c8c5d1425d14671632e521.jpg,416,416,Shrimp,131,103,279,249
1381c211c3d2d22b_jpg.rf.870f1a10f6c8c5d1425d14671632e521.jpg,416,416,Shrimp,153,59,256,102
94f1ea2e8f07df86_jpg.rf.866f0d66ada6abbcff9189d2e0f7d025.jpg,416,416,Lobster,0,3,415,415
441111ccb9a90234_jpg.rf.84e8436a6eafb530989931137906a9d5.jpg,416,416,Lobster,71,93,354,313
56e1ebeaf1f2e1aa_jpg.rf.8315a2757b33c169f526ed59aba3b23c.jpg,416,416,Lobster,1,129,416,395
0a99ca1ae21ce34a_jpg.rf.87aae6ff78626ee076cb2b478d144275.jpg,416,416,Shrimp,50,236,136,334
0a99ca1ae21ce34a_jpg.rf.87aae6ff78626ee076cb2b478d144275.jpg,416,416,Shrimp,101,276,178,378
0a99ca1ae21ce34a_jpg.rf.87aae6ff78626ee076cb2b478d144275.jpg,416,416,Shrimp,102,176,159,257
0a99ca1ae21ce34a_jpg.rf.87aae6ff78626ee076cb2b478d144275.jpg,416,416,Shrimp,113,138,160,181
0a99ca1ae21ce34a_jpg.rf.87aae6ff78626ee076cb2b478d144275.jpg,416,416,Shrimp,137,178,205,280
0a99ca1ae21ce34a_jpg.rf.87aae6ff78626ee076cb2b478d144275.jpg,416,416,Shrimp,176,252,249,369
0a99ca1ae21ce34a_jpg.rf.87aae6ff78626ee076cb2b478d144275.jpg,416,416,Shrimp,206,200,254,279
0a99ca1ae21ce34a_jpg.rf.87aae6ff78626ee076cb2b478d144275.jpg,416,416,Shrimp,239,276,302,368
c7c42e87ad8d352c_jpg.rf.87e015a360448ba111fa7e962cf4cc25.jpg,416,416,Shrimp,127,36,241,336
c7c42e87ad8d352c_jpg.rf.87e015a360448ba111fa7e962cf4cc25.jpg,416,416,Shrimp,252,92,352,350
1d89b197f5a340a6_jpg.rf.88397e15f9af07594a007d82460c8bb6.jpg,416,416,Shrimp,0,38,274,246
a2ab3047e8161b8a_jpg.rf.911f03693d683c720582e0598a222698.jpg,416,416,Lobster,64,152,408,276
72e00ffdbf588e81_jpg.rf.87a6bfad35949ccfb09aace565702758.jpg,416,416,Shrimp,0,182,72,258
72e00ffdbf588e81_jpg.rf.87a6bfad35949ccfb09aace565702758.jpg,416,416,Shrimp,132,286,252,341
72e00ffdbf588e81_jpg.rf.87a6bfad35949ccfb09aace565702758.jpg,416,416,Shrimp,165,237,228,293
72e00ffdbf588e81_jpg.rf.87a6bfad35949ccfb09aace565702758.jpg,416,416,Shrimp,311,251,415,315
72e00ffdbf588e81_jpg.rf.87a6bfad35949ccfb09aace565702758.jpg,416,416,Shrimp,333,191,402,256
da33f8d76ad42794_jpg.rf.8e486a826cd96f6e6d995a54aa937ab0.jpg,416,416,Lobster,135,129,298,388
48aaf520a8437d70_jpg.rf.89a07c1049990151fab7d7e8dab80bb6.jpg,416,416,Crab,75,93,308,395
a2faba75a3ef1c09_jpg.rf.94c8e183019f409912fb7c2aa130b01f.jpg,416,416,Lobster,8,148,379,375
a2faba75a3ef1c09_jpg.rf.94c8e183019f409912fb7c2aa130b01f.jpg,416,416,Lobster,0,0,349,132
caf436b168994b9f_jpg.rf.8cf80ab109c689322ade3a5e75aadbf7.jpg,416,416,Shrimp,134,128,278,287
caf436b168994b9f_jpg.rf.8cf80ab109c689322ade3a5e75aadbf7.jpg,416,416,Shrimp,222,144,311,230
4954bf774faad72b_jpg.rf.98d47b82b694352357e4e724d261d951.jpg,416,416,Crab,0,117,286,395
4954bf774faad72b_jpg.rf.98d47b82b694352357e4e724d261d951.jpg,416,416,Crab,134,39,416,234
4954bf774faad72b_jpg.rf.98d47b82b694352357e4e724d261d951.jpg,416,416,Crab,172,389,267,415
f1e570e5638c7f1d_jpg.rf.958e03abe2c6f43cdb077b4612e8e67c.jpg,416,416,Lobster,0,0,413,288
8a9185f0642fd441_jpg.rf.8dfc6d3a196c509312dce99c017fca42.jpg,416,416,Shrimp,117,84,196,182
8a9185f0642fd441_jpg.rf.8dfc6d3a196c509312dce99c017fca42.jpg,416,416,Shrimp,174,77,235,180
8a9185f0642fd441_jpg.rf.8dfc6d3a196c509312dce99c017fca42.jpg,416,416,Shrimp,227,71,271,145
8a9185f0642fd441_jpg.rf.8dfc6d3a196c509312dce99c017fca42.jpg,416,416,Shrimp,247,53,302,134
85aa8fec79e15f12_jpg.rf.88f4f8f02b1a0b09b0ff282c99449da7.jpg,416,416,Shrimp,0,0,29,71
85aa8fec79e15f12_jpg.rf.88f4f8f02b1a0b09b0ff282c99449da7.jpg,416,416,Shrimp,0,62,43,282
85aa8fec79e15f12_jpg.rf.88f4f8f02b1a0b09b0ff282c99449da7.jpg,416,416,Shrimp,22,0,222,192
85aa8fec79e15f12_jpg.rf.88f4f8f02b1a0b09b0ff282c99449da7.jpg,416,416,Shrimp,26,165,283,415
85aa8fec79e15f12_jpg.rf.88f4f8f02b1a0b09b0ff282c99449da7.jpg,416,416,Shrimp,215,0,374,188
85aa8fec79e15f12_jpg.rf.88f4f8f02b1a0b09b0ff282c99449da7.jpg,416,416,Shrimp,257,135,416,415
85aa8fec79e15f12_jpg.rf.88f4f8f02b1a0b09b0ff282c99449da7.jpg,416,416,Shrimp,347,1,415,154
04e9789208e9b59d_jpg.rf.941b32303e1dc7ef364dab8f1f759f83.jpg,416,416,Lobster,58,58,354,345
544e546c871fdff1_jpg.rf.8ab79cca19b2653726e0adf5c3521513.jpg,416,416,Lobster,0,13,377,415
5aa0c75abd48c608_jpg.rf.939e333d52140c8aca9b3fc0c07af5bd.jpg,416,416,Lobster,0,0,416,416
2b9ad22431b16d08_jpg.rf.993248db6ab6c01a7b49a1baae8521ce.jpg,416,416,Crab,132,60,346,416
003098e27197dc61_jpg.rf.95d1d009779473bf26c83376427c2a01.jpg,416,416,Shrimp,95,79,359,299
95890f525fca06eb_jpg.rf.921dc86ff6e4b82bed67681d8594e864.jpg,416,416,Shrimp,258,179,362,265
95890f525fca06eb_jpg.rf.921dc86ff6e4b82bed67681d8594e864.jpg,416,416,Shrimp,271,81,345,240
6f2280d6306d4947_jpg.rf.92bddfa9fda0428dd040b784d52f51e7.jpg,416,416,Crab,257,70,340,158
025d22b49039591f_jpg.rf.91a9c86eb8ec5260442054c52e9deb20.jpg,416,416,Shrimp,53,144,101,224
025d22b49039591f_jpg.rf.91a9c86eb8ec5260442054c52e9deb20.jpg,416,416,Shrimp,165,143,219,211
025d22b49039591f_jpg.rf.91a9c86eb8ec5260442054c52e9deb20.jpg,416,416,Shrimp,224,152,273,217
6e7603c79001390a_jpg.rf.9658668d16ea62abcb8d062821707d51.jpg,416,416,Lobster,37,35,404,390
434e48890806a295_jpg.rf.922f39d7ff0f6ab58baf7bbe520732dc.jpg,416,416,Shrimp,2,96,83,206
434e48890806a295_jpg.rf.922f39d7ff0f6ab58baf7bbe520732dc.jpg,416,416,Shrimp,140,13,220,75
434e48890806a295_jpg.rf.922f39d7ff0f6ab58baf7bbe520732dc.jpg,416,416,Shrimp,146,146,278,297
1dd5564581e810f2_jpg.rf.8dc1a6f9a1ad4ba2f17903f24a9a01e3.jpg,416,416,Crab,12,0,325,416
9b1e01981c59fe80_jpg.rf.8bb99f2bef47648a00e9720ec930ce02.jpg,416,416,Lobster,0,293,179,415
9b1e01981c59fe80_jpg.rf.8bb99f2bef47648a00e9720ec930ce02.jpg,416,416,Lobster,157,121,316,311
4640d0d1a652a008_jpg.rf.9966ebf0a38652ff77bb59d35b796e74.jpg,416,416,Shrimp,10,186,97,288
4640d0d1a652a008_jpg.rf.9966ebf0a38652ff77bb59d35b796e74.jpg,416,416,Shrimp,87,133,166,255
4640d0d1a652a008_jpg.rf.9966ebf0a38652ff77bb59d35b796e74.jpg,416,416,Shrimp,112,217,206,369
7f7fd1be60d3e673_jpg.rf.9cb4918647b7387851453c4295ae665a.jpg,416,416,Crab,145,159,232,269
7f7fd1be60d3e673_jpg.rf.9cb4918647b7387851453c4295ae665a.jpg,416,416,Crab,201,164,330,306
17f024d30d28cc40_jpg.rf.9bea92fba90222643d476329d98ebadd.jpg,416,416,Lobster,75,61,377,347
04054b35672d4489_jpg.rf.9e0e675547a7965a206dae4ee49575e4.jpg,416,416,Shrimp,157,239,207,311
04054b35672d4489_jpg.rf.9e0e675547a7965a206dae4ee49575e4.jpg,416,416,Shrimp,215,158,249,198
04054b35672d4489_jpg.rf.9e0e675547a7965a206dae4ee49575e4.jpg,416,416,Shrimp,221,293,279,374
04054b35672d4489_jpg.rf.9e0e675547a7965a206dae4ee49575e4.jpg,416,416,Shrimp,291,155,325,205
04054b35672d4489_jpg.rf.9e0e675547a7965a206dae4ee49575e4.jpg,416,416,Shrimp,313,256,362,333
04054b35672d4489_jpg.rf.9e0e675547a7965a206dae4ee49575e4.jpg,416,416,Shrimp,313,191,354,255
db080adb7c57ddd3_jpg.rf.9decb0cdb268776e72f6a87352d98401.jpg,416,416,Lobster,161,10,284,128
db080adb7c57ddd3_jpg.rf.9decb0cdb268776e72f6a87352d98401.jpg,416,416,Lobster,224,98,346,296
c5ef6eaa18c71373_jpg.rf.a01da1474fe793795621c13f4edc7d91.jpg,416,416,Crab,80,108,331,383
810b61b98ffddb8a_jpg.rf.9eb9bc965388ef643b26cf40c1232ae3.jpg,416,416,Crab,0,5,265,286
0712b94b2ab24621_jpg.rf.9939dd2ab340383d36ce4fdfa01e1eda.jpg,416,416,Lobster,11,139,101,234
0712b94b2ab24621_jpg.rf.9939dd2ab340383d36ce4fdfa01e1eda.jpg,416,416,Lobster,27,257,189,373
0712b94b2ab24621_jpg.rf.9939dd2ab340383d36ce4fdfa01e1eda.jpg,416,416,Lobster,100,86,207,261
0712b94b2ab24621_jpg.rf.9939dd2ab340383d36ce4fdfa01e1eda.jpg,416,416,Lobster,203,119,268,280
0712b94b2ab24621_jpg.rf.9939dd2ab340383d36ce4fdfa01e1eda.jpg,416,416,Lobster,272,166,406,311
0712b94b2ab24621_jpg.rf.9939dd2ab340383d36ce4fdfa01e1eda.jpg,416,416,Lobster,305,320,407,373
0712b94b2ab24621_jpg.rf.9939dd2ab340383d36ce4fdfa01e1eda.jpg,416,416,Lobster,351,141,410,192
338498e76095a198_jpg.rf.968ba27a0d32071e87de019382bc0abc.jpg,416,416,Lobster,18,17,416,257
3ecd996891c36410_jpg.rf.9f9e0da3f1bdd5f20dcd008adb720375.jpg,416,416,Shrimp,75,177,398,327
761fe8a136a747e9_jpg.rf.a2070b488f3abf7fe9587665b9019cb9.jpg,416,416,Lobster,3,131,416,397
14da075cb2527643_jpg.rf.a0b8c290f6177c9fe849df8251333bee.jpg,416,416,Crab,154,102,317,328
b1b811c925888eb5_jpg.rf.98d7bbe6db50d943199bd6f50cea7f40.jpg,416,416,Crab,17,113,299,254
b1b811c925888eb5_jpg.rf.98d7bbe6db50d943199bd6f50cea7f40.jpg,416,416,Crab,95,18,341,117
b1b811c925888eb5_jpg.rf.98d7bbe6db50d943199bd6f50cea7f40.jpg,416,416,Crab,190,211,372,405
4d997ed92c99a3b0_jpg.rf.a07c66b23338e39a9b592999e3cb8af0.jpg,416,416,Lobster,78,134,282,359
25351fcf02e9573d_jpg.rf.9568d083a590b45420ac46e2887d687a.jpg,416,416,Lobster,11,135,416,416
49cb2a29f2617da4_jpg.rf.9d9b3f5cdb737b2ff656bafd50c16c36.jpg,416,416,Crab,73,117,353,272
8aaa51344365743e_jpg.rf.a10d6e2a069fb76d4c88e50a5a729dcf.jpg,416,416,Shrimp,78,263,186,353
8aaa51344365743e_jpg.rf.a10d6e2a069fb76d4c88e50a5a729dcf.jpg,416,416,Shrimp,35,118,147,207
8aaa51344365743e_jpg.rf.a10d6e2a069fb76d4c88e50a5a729dcf.jpg,416,416,Shrimp,190,214,289,289
8aaa51344365743e_jpg.rf.a10d6e2a069fb76d4c88e50a5a729dcf.jpg,416,416,Shrimp,267,246,370,335
54e0335cc4fd7c90_jpg.rf.a09f9af1f847361c445448cb27479757.jpg,416,416,Lobster,17,72,412,416
54e0335cc4fd7c90_jpg.rf.a09f9af1f847361c445448cb27479757.jpg,416,416,Lobster,92,75,410,231
482e3a3567b28afe_jpg.rf.9e1dafe24df8a4af5940e5958fe36982.jpg,416,416,Shrimp,170,82,259,260
482e3a3567b28afe_jpg.rf.9e1dafe24df8a4af5940e5958fe36982.jpg,416,416,Shrimp,250,205,316,272
482e3a3567b28afe_jpg.rf.9e1dafe24df8a4af5940e5958fe36982.jpg,416,416,Shrimp,264,177,338,231
482e3a3567b28afe_jpg.rf.9e1dafe24df8a4af5940e5958fe36982.jpg,416,416,Shrimp,287,220,356,290
9938cdaf1f8aa1d5_jpg.rf.a3251cc264c09926fb05cbcf14189128.jpg,416,416,Crab,53,89,388,372
164eb68d41514b67_jpg.rf.a31248d7ddf5b22439066f4511df39d6.jpg,416,416,Lobster,53,44,327,416
261e4c8927190354_jpg.rf.a409e405ffc17e557f34a74e39889d30.jpg,416,416,Shrimp,140,34,259,338
9e6c2a426ae2895d_jpg.rf.a0e571020b091e8ac724cce3f5843bc5.jpg,416,416,Shrimp,110,0,328,355
00e011909b5755e4_jpg.rf.a3cfdb8145ee6cd42111d82bfec27819.jpg,416,416,Lobster,0,97,67,292
00e011909b5755e4_jpg.rf.a3cfdb8145ee6cd42111d82bfec27819.jpg,416,416,Lobster,29,0,129,49
00e011909b5755e4_jpg.rf.a3cfdb8145ee6cd42111d82bfec27819.jpg,416,416,Lobster,64,12,348,397
967c9f738cd6688c_jpg.rf.aa6bb1c21fa870bd581f5f518b6d73a8.jpg,416,416,Shrimp,21,297,110,416
967c9f738cd6688c_jpg.rf.aa6bb1c21fa870bd581f5f518b6d73a8.jpg,416,416,Shrimp,63,174,149,289
967c9f738cd6688c_jpg.rf.aa6bb1c21fa870bd581f5f518b6d73a8.jpg,416,416,Shrimp,86,233,227,391
967c9f738cd6688c_jpg.rf.aa6bb1c21fa870bd581f5f518b6d73a8.jpg,416,416,Shrimp,101,146,215,215
967c9f738cd6688c_jpg.rf.aa6bb1c21fa870bd581f5f518b6d73a8.jpg,416,416,Shrimp,194,209,262,351
121bc7da11dc647e_jpg.rf.aa77953e8d02f2b755cd36aeb57e3427.jpg,416,416,Lobster,103,0,292,416
aa10738025d195b4_jpg.rf.99ed282dfc0d73f6e173ab8f88d3b420.jpg,416,416,Shrimp,106,114,192,249
aa10738025d195b4_jpg.rf.99ed282dfc0d73f6e173ab8f88d3b420.jpg,416,416,Shrimp,118,97,194,171
aa10738025d195b4_jpg.rf.99ed282dfc0d73f6e173ab8f88d3b420.jpg,416,416,Shrimp,131,185,220,315
aa10738025d195b4_jpg.rf.99ed282dfc0d73f6e173ab8f88d3b420.jpg,416,416,Shrimp,194,165,286,319
4b615398976db7f4_jpg.rf.a32f17c1d1dd945007e464cdc94a0915.jpg,416,416,Lobster,17,126,290,404
4b615398976db7f4_jpg.rf.a32f17c1d1dd945007e464cdc94a0915.jpg,416,416,Lobster,121,46,315,177
fbb278b9f5494e20_jpg.rf.9e0ed05e75d5c75e4cdef0f9c8368acb.jpg,416,416,Lobster,0,200,80,352
fbb278b9f5494e20_jpg.rf.9e0ed05e75d5c75e4cdef0f9c8368acb.jpg,416,416,Lobster,136,0,415,386
4ac5021282722598_jpg.rf.a39c7a4471c817081726c425c1c66739.jpg,416,416,Crab,106,51,285,381
989a173798687889_jpg.rf.a711a22504423870bc985630d44f348f.jpg,416,416,Shrimp,36,0,224,416
06ea207451d3785c_jpg.rf.a74578af737005645df2f99037b0a059.jpg,416,416,Crab,71,143,274,274
06ea207451d3785c_jpg.rf.a74578af737005645df2f99037b0a059.jpg,416,416,Crab,355,221,416,293
e8a329a23cc83f99_jpg.rf.a3e90fe64158d2308d13eb9c18d03e7e.jpg,416,416,Crab,23,236,393,392
66f88ad8b3a8b5dc_jpg.rf.a958a3fd164e40a4efb52d697674a1d6.jpg,416,416,Shrimp,3,139,146,238
66f88ad8b3a8b5dc_jpg.rf.a958a3fd164e40a4efb52d697674a1d6.jpg,416,416,Shrimp,27,241,154,408
66f88ad8b3a8b5dc_jpg.rf.a958a3fd164e40a4efb52d697674a1d6.jpg,416,416,Shrimp,46,17,142,171
66f88ad8b3a8b5dc_jpg.rf.a958a3fd164e40a4efb52d697674a1d6.jpg,416,416,Shrimp,100,7,162,131
66f88ad8b3a8b5dc_jpg.rf.a958a3fd164e40a4efb52d697674a1d6.jpg,416,416,Shrimp,123,0,198,91
66f88ad8b3a8b5dc_jpg.rf.a958a3fd164e40a4efb52d697674a1d6.jpg,416,416,Shrimp,131,294,179,416
66f88ad8b3a8b5dc_jpg.rf.a958a3fd164e40a4efb52d697674a1d6.jpg,416,416,Shrimp,174,304,215,415
66f88ad8b3a8b5dc_jpg.rf.a958a3fd164e40a4efb52d697674a1d6.jpg,416,416,Shrimp,191,1,235,91
66f88ad8b3a8b5dc_jpg.rf.a958a3fd164e40a4efb52d697674a1d6.jpg,416,416,Shrimp,198,300,277,415
66f88ad8b3a8b5dc_jpg.rf.a958a3fd164e40a4efb52d697674a1d6.jpg,416,416,Shrimp,229,0,269,99
66f88ad8b3a8b5dc_jpg.rf.a958a3fd164e40a4efb52d697674a1d6.jpg,416,416,Shrimp,237,292,314,415
66f88ad8b3a8b5dc_jpg.rf.a958a3fd164e40a4efb52d697674a1d6.jpg,416,416,Shrimp,253,6,351,130
66f88ad8b3a8b5dc_jpg.rf.a958a3fd164e40a4efb52d697674a1d6.jpg,416,416,Shrimp,276,263,389,384
66f88ad8b3a8b5dc_jpg.rf.a958a3fd164e40a4efb52d697674a1d6.jpg,416,416,Shrimp,293,67,395,173
66f88ad8b3a8b5dc_jpg.rf.a958a3fd164e40a4efb52d697674a1d6.jpg,416,416,Shrimp,297,208,375,309
66f88ad8b3a8b5dc_jpg.rf.a958a3fd164e40a4efb52d697674a1d6.jpg,416,416,Shrimp,298,125,380,225
1ccd3cd199d28434_jpg.rf.a49c5c8c867a036f30e926b61b23bbf7.jpg,416,416,Crab,0,0,416,416
26db3bf997118466_jpg.rf.af9b4032a0a2807177ebe73373caac85.jpg,416,416,Lobster,0,190,320,415
26db3bf997118466_jpg.rf.af9b4032a0a2807177ebe73373caac85.jpg,416,416,Lobster,0,38,403,259
2833d07fb2f9bede_jpg.rf.a76f19a446c96c1f194f2f5ad9901c33.jpg,416,416,Lobster,67,190,274,326
c52cd7c3a3870816_jpg.rf.a89c896a5bb7a2c10aef551fff4ddaa3.jpg,416,416,Shrimp,35,42,370,364
7729471560eedf67_jpg.rf.a9bbc351ddd09d4f84e94104ee300fef.jpg,416,416,Lobster,53,52,366,415
7ca3af7a2376ebab_jpg.rf.a8b5e150ed7263976182ecc0c8e25e15.jpg,416,416,Lobster,31,68,327,416
238c21bf7d8a7376_jpg.rf.b0e99c5db72bcf20e4aea728888aadee.jpg,416,416,Lobster,8,95,410,350
7cc23be723b8ee07_jpg.rf.a9e19724a53eba731a12b01373723d49.jpg,416,416,Lobster,27,15,349,367
83d1279ebc768f88_jpg.rf.af38dbd2183c068a4c6ca7c8ef2294a2.jpg,416,416,Shrimp,151,115,233,278
3816a6448a19881d_jpg.rf.a7048c76a978db829e4fded7a10d55b2.jpg,416,416,Crab,10,59,413,385
6a58bbd68f8f9678_jpg.rf.b07cace7ef15e4502354e4d76986d766.jpg,416,416,Shrimp,301,39,374,124
278e85e16b692b26_jpg.rf.af463d24be00d1e830ee12dc70ed6bd4.jpg,416,416,Lobster,0,104,416,410
0ae7344879802812_jpg.rf.b14cada37202db719e099958f4d15e62.jpg,416,416,Crab,112,128,282,298
c3a24617666fb074_jpg.rf.abaf7dc531dcd746fa9fdec036488227.jpg,416,416,Shrimp,1,172,178,368
c3a24617666fb074_jpg.rf.abaf7dc531dcd746fa9fdec036488227.jpg,416,416,Shrimp,161,40,347,165
c3a24617666fb074_jpg.rf.abaf7dc531dcd746fa9fdec036488227.jpg,416,416,Shrimp,236,0,414,93
b7157640cbb8ed20_jpg.rf.a94225cd5d4efd34dafda641111b805e.jpg,416,416,Lobster,229,42,323,411
b7157640cbb8ed20_jpg.rf.a94225cd5d4efd34dafda641111b805e.jpg,416,416,Lobster,61,59,169,394
b7157640cbb8ed20_jpg.rf.a94225cd5d4efd34dafda641111b805e.jpg,416,416,Lobster,137,53,199,413
b7157640cbb8ed20_jpg.rf.a94225cd5d4efd34dafda641111b805e.jpg,416,416,Lobster,188,54,258,396
1ce6d542e1856b4a_jpg.rf.b59bedbbfcac792127a00a6c23be8c0a.jpg,416,416,Lobster,43,162,145,279
1ce6d542e1856b4a_jpg.rf.b59bedbbfcac792127a00a6c23be8c0a.jpg,416,416,Lobster,49,99,114,180
1ce6d542e1856b4a_jpg.rf.b59bedbbfcac792127a00a6c23be8c0a.jpg,416,416,Lobster,100,94,393,345
d2bfc9e64f89b346_jpg.rf.b800c4b24a83a838ce522e64c6d0d84a.jpg,416,416,Lobster,28,167,375,340
1db0b57a0feb5515_jpg.rf.b569a4fe3f5b3891ffbed5ad951673a8.jpg,416,416,Crab,107,87,310,356
be80dc132e973aaa_jpg.rf.b0f9ba5955fe450345dd2ffd550b3f0a.jpg,416,416,Crab,1,137,415,415
4348b4225a18ef2f_jpg.rf.bb0eadaa73cab514277be08eb0b08676.jpg,416,416,Shrimp,19,30,389,273
82a0ddb62b343d2d_jpg.rf.b264895f0551e002ade728599402dd6e.jpg,416,416,Crab,122,106,299,335
a8447000d46dd1a9_jpg.rf.b80161b4325d6e8303696d5335309ad0.jpg,416,416,Crab,17,177,386,409
1105acc129516192_jpg.rf.b2521bc641948d15abf720534d2b12b1.jpg,416,416,Shrimp,94,60,371,203
1105acc129516192_jpg.rf.b2521bc641948d15abf720534d2b12b1.jpg,416,416,Shrimp,106,12,290,167
1105acc129516192_jpg.rf.b2521bc641948d15abf720534d2b12b1.jpg,416,416,Shrimp,184,118,319,191
ac02543263f9f916_jpg.rf.b14d5d0f1305bcd657bc2735066ee33a.jpg,416,416,Shrimp,31,168,161,285
ac02543263f9f916_jpg.rf.b14d5d0f1305bcd657bc2735066ee33a.jpg,416,416,Shrimp,45,358,162,413
ac02543263f9f916_jpg.rf.b14d5d0f1305bcd657bc2735066ee33a.jpg,416,416,Shrimp,235,133,284,206
c77461920a3630db_jpg.rf.b2f6755aad46e9213ef95a8a0c5d74c5.jpg,416,416,Lobster,2,0,369,416
29eb20b4f8bb1c45_jpg.rf.ba2c7640e05c8c1ac58284b7cc985f14.jpg,416,416,Lobster,0,58,227,415
76c10583ab4f37c4_jpg.rf.bdcfc91e7d40420fc94b662972b57f12.jpg,416,416,Shrimp,0,0,415,416
3b73c5414a00ace0_jpg.rf.b29dfd9016493b916306f3ac152dee2c.jpg,416,416,Crab,76,111,308,370
1ca5fffc11c63d67_jpg.rf.b2557391e8f4b23d6863b9eafa43f5c3.jpg,416,416,Lobster,207,3,296,157
5244e78c502db271_jpg.rf.bef548e658c8b694ee9c752000b8e8e9.jpg,416,416,Lobster,7,22,305,250
5244e78c502db271_jpg.rf.bef548e658c8b694ee9c752000b8e8e9.jpg,416,416,Lobster,46,176,307,384
5244e78c502db271_jpg.rf.bef548e658c8b694ee9c752000b8e8e9.jpg,416,416,Lobster,275,83,390,344
65d2824e94aebe93_jpg.rf.c165d799e84e0a779d2ce1a6eb4c2aa6.jpg,416,416,Shrimp,0,65,416,358
30530af921836f22_jpg.rf.bc88bf2c875ac1e97039dc0d71d5e7a4.jpg,416,416,Lobster,206,320,316,416
ab982b21be0569f3_jpg.rf.bf709d70bc6fb34a1051efaa7e5b4a82.jpg,416,416,Crab,29,86,402,331
b09ba20c57b1a073_jpg.rf.c1ec3481f1d4526468894765ae663157.jpg,416,416,Crab,134,117,244,251
1c0ac57da766f6dc_jpg.rf.bedf02c2b1818f09c70d7133fe0f7a9c.jpg,416,416,Crab,23,32,298,396
266184acd6d0c59b_jpg.rf.bf63ee2480649884a4a8ef786b00dcfa.jpg,416,416,Shrimp,167,84,416,258
68eaa65c405fab03_jpg.rf.b988b3992eae0c0e05849208f74944aa.jpg,416,416,Crab,18,195,215,311
68eaa65c405fab03_jpg.rf.b988b3992eae0c0e05849208f74944aa.jpg,416,416,Crab,205,170,416,287
2ba476fffcd8ac52_jpg.rf.bf65114bed7764f00a2db281599ba2bb.jpg,416,416,Lobster,118,151,262,271
6399d887eeb20d7b_jpg.rf.bf5e93a08e2ab44f49bf6ad5372e199d.jpg,416,416,Lobster,123,167,238,283
6399d887eeb20d7b_jpg.rf.bf5e93a08e2ab44f49bf6ad5372e199d.jpg,416,416,Lobster,272,276,364,310
873faaf1e7a4c481_jpg.rf.c307fcf03e9b66f2ce3ed5ea6544b8f5.jpg,416,416,Lobster,140,211,378,396
6e380154a9580f87_jpg.rf.b40acb3f588e4170cfed223d95b3eb49.jpg,416,416,Crab,0,289,416,416
6e380154a9580f87_jpg.rf.b40acb3f588e4170cfed223d95b3eb49.jpg,416,416,Crab,20,167,414,416
6e380154a9580f87_jpg.rf.b40acb3f588e4170cfed223d95b3eb49.jpg,416,416,Crab,32,5,406,306
100ac5af341e3a42_jpg.rf.be12b71cfdadb1447ba20026caec106d.jpg,416,416,Lobster,0,72,398,416
100ac5af341e3a42_jpg.rf.be12b71cfdadb1447ba20026caec106d.jpg,416,416,Lobster,75,0,288,299
00f702ef01d5c3d6_jpg.rf.d013e4ad72d5f142f26a59141fa42653.jpg,416,416,Crab,0,79,402,339
d53133c848012682_jpg.rf.ce4b8c4111ba7df4e06b79a92e171709.jpg,416,416,Lobster,47,8,352,416
0a4a5d88e4ff3af3_jpg.rf.c37a050d1206ceffee06b6a1b985616b.jpg,416,416,Shrimp,100,165,214,295
08a3ed69bc7021ca_jpg.rf.cfc76c47779c49752ffa52085ea6e235.jpg,416,416,Crab,4,196,313,415
2766c8eb03bfe01b_jpg.rf.cb6ba0b6cdf9025b22a0f09d59861623.jpg,416,416,Crab,45,80,416,416
833ab0b69fae25e8_jpg.rf.c9353b70c23b1518dce228e3bf441bdd.jpg,416,416,Shrimp,59,183,196,260
833ab0b69fae25e8_jpg.rf.c9353b70c23b1518dce228e3bf441bdd.jpg,416,416,Shrimp,88,137,175,211
833ab0b69fae25e8_jpg.rf.c9353b70c23b1518dce228e3bf441bdd.jpg,416,416,Shrimp,97,195,240,321
833ab0b69fae25e8_jpg.rf.c9353b70c23b1518dce228e3bf441bdd.jpg,416,416,Shrimp,144,92,227,159
833ab0b69fae25e8_jpg.rf.c9353b70c23b1518dce228e3bf441bdd.jpg,416,416,Shrimp,201,162,323,311
833ab0b69fae25e8_jpg.rf.c9353b70c23b1518dce228e3bf441bdd.jpg,416,416,Shrimp,235,95,331,165
833ab0b69fae25e8_jpg.rf.c9353b70c23b1518dce228e3bf441bdd.jpg,416,416,Shrimp,259,149,357,260
4f20feb30eb8626a_jpg.rf.c4edcca1bb294f5f405e5a8b9365dd92.jpg,416,416,Lobster,0,59,416,395
77de08e99ae611c9_jpg.rf.c8f9276d14b4e10111d781aab28ce54c.jpg,416,416,Lobster,97,0,330,391
87e051553f33c35a_jpg.rf.c4ceb7fbd63893255169c2ea373365bd.jpg,416,416,Shrimp,132,99,278,242
ca80e3d6d45ea3b5_jpg.rf.ccdfa255625471093d53658e8917b9f6.jpg,416,416,Crab,0,147,294,416
ca80e3d6d45ea3b5_jpg.rf.ccdfa255625471093d53658e8917b9f6.jpg,416,416,Crab,234,237,416,416
068450cc55ec8d94_jpg.rf.ce97aeeeb786f995d77a2dc355b33529.jpg,416,416,Crab,182,237,300,329
cccdea32019cb62c_jpg.rf.c476efce42352acc47302a15fb2d3fca.jpg,416,416,Lobster,206,312,268,416
264a614357e7515c_jpg.rf.cecba9708b0e03bb6bcf62718a79915d.jpg,416,416,Crab,61,0,415,415
131a6d6db26867cd_jpg.rf.cdb6a2886365458adc47bcfc163a61b5.jpg,416,416,Shrimp,0,159,49,234
131a6d6db26867cd_jpg.rf.cdb6a2886365458adc47bcfc163a61b5.jpg,416,416,Shrimp,54,45,114,240
131a6d6db26867cd_jpg.rf.cdb6a2886365458adc47bcfc163a61b5.jpg,416,416,Shrimp,98,125,199,257
131a6d6db26867cd_jpg.rf.cdb6a2886365458adc47bcfc163a61b5.jpg,416,416,Shrimp,102,100,163,187
131a6d6db26867cd_jpg.rf.cdb6a2886365458adc47bcfc163a61b5.jpg,416,416,Shrimp,132,167,384,357
131a6d6db26867cd_jpg.rf.cdb6a2886365458adc47bcfc163a61b5.jpg,416,416,Shrimp,173,36,270,168
131a6d6db26867cd_jpg.rf.cdb6a2886365458adc47bcfc163a61b5.jpg,416,416,Shrimp,253,109,340,235
e791abaa023bacde_jpg.rf.d0a21f21f8d04f5888ed29a92de8dcb1.jpg,416,416,Crab,0,32,375,374
d23846015c65244e_jpg.rf.ce5e1a8205b5de9c32f0870a38978287.jpg,416,416,Lobster,0,29,394,390
555fb6612b79d34f_jpg.rf.c7c9a7d507a93fe558a2c77bb392a388.jpg,416,416,Shrimp,165,159,277,288
555fb6612b79d34f_jpg.rf.c7c9a7d507a93fe558a2c77bb392a388.jpg,416,416,Shrimp,104,144,197,226
ac66af870d92927e_jpg.rf.c3737aa6e31677eca735e4dae5b166a7.jpg,416,416,Crab,102,106,348,258
021e1ff878fb3d84_jpg.rf.c6aed4b7d4643fb8474021a9aefab66c.jpg,416,416,Shrimp,62,11,311,307
763d9e307265d9e3_jpg.rf.cd7c790531b3b0bd3027c5c448dc3111.jpg,416,416,Crab,9,20,412,405
ccd6ed827632e845_jpg.rf.d1477f12a37d84035101c42922066c1e.jpg,416,416,Crab,0,0,415,415
d5e4daf0929a3f55_jpg.rf.d14211dd0109fa5c925b43bf036280c4.jpg,416,416,Lobster,104,97,362,402
2d59d95a59bc74e9_jpg.rf.c60ad66c7cacdab89a98659997f9b0bf.jpg,416,416,Crab,83,46,315,376
83e5c6c4a3a9304f_jpg.rf.d47b509727b310638f6ae05c6c2172ea.jpg,416,416,Shrimp,71,156,205,261
83e5c6c4a3a9304f_jpg.rf.d47b509727b310638f6ae05c6c2172ea.jpg,416,416,Shrimp,122,18,230,131
118ec9a3b6a1016c_jpg.rf.d5fc8c85e90132ed6bfa31879ea58396.jpg,416,416,Lobster,20,10,314,126
118ec9a3b6a1016c_jpg.rf.d5fc8c85e90132ed6bfa31879ea58396.jpg,416,416,Lobster,91,125,284,264
118ec9a3b6a1016c_jpg.rf.d5fc8c85e90132ed6bfa31879ea58396.jpg,416,416,Lobster,215,255,415,416
4385973801dc9337_jpg.rf.d3dd9227c22c28481f6fcd833db0c265.jpg,416,416,Lobster,24,37,389,288
1d0ff45a529846af_jpg.rf.d6f04162e97d529d0ffcee5acb8ac35d.jpg,416,416,Crab,0,0,415,415
d948204fe33c57b6_jpg.rf.c8e550d04ba47681eb2bc545c333b613.jpg,416,416,Crab,140,172,282,276
99bf84c7f5d927da_jpg.rf.c8f74739d0e17d66d91d4d5aef9dc00e.jpg,416,416,Lobster,91,0,402,373
a6f84dfbaeaf1a77_jpg.rf.dd47142ea6094fce80fcb6a4f09c9bc7.jpg,416,416,Shrimp,140,37,352,320
9b74a8bd0a0e211b_jpg.rf.d6536dff29b2433898a35f6065a26fbf.jpg,416,416,Crab,128,15,355,382
fb1744233365968d_jpg.rf.d958a289395384f967090ff74ef24cef.jpg,416,416,Lobster,141,220,242,384
1b1ef5c1f5129662_jpg.rf.dd88a99c268bfc4d4d0c04a3efd8155e.jpg,416,416,Shrimp,3,40,399,387
9c0b4034b1373cf8_jpg.rf.d066674895f42991a1bfe59b63d83020.jpg,416,416,Lobster,66,248,283,328
9c0b4034b1373cf8_jpg.rf.d066674895f42991a1bfe59b63d83020.jpg,416,416,Lobster,282,245,409,304
6527084fa29a401b_jpg.rf.c6219d008a320581034470caa1662cc3.jpg,416,416,Shrimp,0,91,415,327
36a6fd9ff0bdd211_jpg.rf.dda3990066c1b76885f34061a87c0d41.jpg,416,416,Lobster,34,74,395,301
d36c3645031f6410_jpg.rf.dde787333ca8c9d977d2d1abe1ffe24e.jpg,416,416,Lobster,0,80,416,411
dc299b33b55ef2e0_jpg.rf.e0cdbe4fe7893b0bd97cbbf7836a4cde.jpg,416,416,Shrimp,0,41,122,366
dc299b33b55ef2e0_jpg.rf.e0cdbe4fe7893b0bd97cbbf7836a4cde.jpg,416,416,Shrimp,1,62,286,416
dc299b33b55ef2e0_jpg.rf.e0cdbe4fe7893b0bd97cbbf7836a4cde.jpg,416,416,Shrimp,163,78,269,370
dc299b33b55ef2e0_jpg.rf.e0cdbe4fe7893b0bd97cbbf7836a4cde.jpg,416,416,Shrimp,221,100,416,416
dc299b33b55ef2e0_jpg.rf.e0cdbe4fe7893b0bd97cbbf7836a4cde.jpg,416,416,Shrimp,259,91,371,304
09208686a2747b88_jpg.rf.e5259b288fb953796a2af675a8029fe2.jpg,416,416,Crab,85,21,409,416
a9d68770c2e4ee6d_jpg.rf.df7f05b879b38e67f030f9057404aaac.jpg,416,416,Crab,19,28,383,403
a9d68770c2e4ee6d_jpg.rf.df7f05b879b38e67f030f9057404aaac.jpg,416,416,Crab,125,26,336,280
7fc18713167a795a_jpg.rf.dfd2024b044fa094e9d0ced75f097496.jpg,416,416,Lobster,226,39,366,155
7fc18713167a795a_jpg.rf.dfd2024b044fa094e9d0ced75f097496.jpg,416,416,Lobster,30,40,219,222
7fc18713167a795a_jpg.rf.dfd2024b044fa094e9d0ced75f097496.jpg,416,416,Lobster,40,295,217,346
7fc18713167a795a_jpg.rf.dfd2024b044fa094e9d0ced75f097496.jpg,416,416,Lobster,238,183,364,248
7fc18713167a795a_jpg.rf.dfd2024b044fa094e9d0ced75f097496.jpg,416,416,Lobster,244,269,384,325
9863b578a6e67ff9_jpg.rf.e551845a74190a7a7b1df4813e8c446f.jpg,416,416,Crab,34,228,111,278
9863b578a6e67ff9_jpg.rf.e551845a74190a7a7b1df4813e8c446f.jpg,416,416,Crab,83,291,302,378
9863b578a6e67ff9_jpg.rf.e551845a74190a7a7b1df4813e8c446f.jpg,416,416,Crab,100,32,277,100
9863b578a6e67ff9_jpg.rf.e551845a74190a7a7b1df4813e8c446f.jpg,416,416,Crab,147,203,234,257
9863b578a6e67ff9_jpg.rf.e551845a74190a7a7b1df4813e8c446f.jpg,416,416,Crab,252,214,347,279
08f5d41b1b8ab665_jpg.rf.e5b57349f2f13ba05c132798a4880961.jpg,416,416,Crab,67,45,272,416
3ad1aa345d64b903_jpg.rf.dd75c95af460ff9cd342b97389aa6f76.jpg,416,416,Crab,62,81,337,349
3aef81ca9928269a_jpg.rf.e0ee31f21ea5f4c2e4ad082357301db1.jpg,416,416,Lobster,55,71,397,377
da696037728d0ce2_jpg.rf.df81fbb80e6d4589814e9fcf8b0f21b9.jpg,416,416,Crab,193,234,378,390
04f0d1eaa38f752c_jpg.rf.e33bbf61d711fdd86b8cac12412df60b.jpg,416,416,Lobster,12,0,416,416
c0b84825d85c968a_jpg.rf.e5f1e77022597716efde6f46fdc54c24.jpg,416,416,Lobster,0,32,416,231
3cc4af43a9f43805_jpg.rf.d5288fb4fc0c877a7c20f7d136a90b90.jpg,416,416,Crab,2,22,379,317
49a04b0bc6a307d4_jpg.rf.e4ffe7594cbd34fd4cd2ea95d0b3eacc.jpg,416,416,Shrimp,105,199,223,388
49a04b0bc6a307d4_jpg.rf.e4ffe7594cbd34fd4cd2ea95d0b3eacc.jpg,416,416,Shrimp,0,138,93,263
49a04b0bc6a307d4_jpg.rf.e4ffe7594cbd34fd4cd2ea95d0b3eacc.jpg,416,416,Shrimp,103,77,188,208
49a04b0bc6a307d4_jpg.rf.e4ffe7594cbd34fd4cd2ea95d0b3eacc.jpg,416,416,Shrimp,102,10,217,104
49a04b0bc6a307d4_jpg.rf.e4ffe7594cbd34fd4cd2ea95d0b3eacc.jpg,416,416,Shrimp,210,15,314,94
0940ad4ba9348026_jpg.rf.e566c841b9b10b1949bfd5a4c56775ff.jpg,416,416,Crab,181,160,288,343
36aa5cd1d23bf78d_jpg.rf.e7ac06965c0d9b001b11b38f1b694d27.jpg,416,416,Shrimp,61,214,352,322
36aa5cd1d23bf78d_jpg.rf.e7ac06965c0d9b001b11b38f1b694d27.jpg,416,416,Shrimp,148,177,401,278
898a444f0812d1fd_jpg.rf.e5a0d1de0a8ef310e1cd1302a8eb5835.jpg,416,416,Shrimp,0,223,223,378
898a444f0812d1fd_jpg.rf.e5a0d1de0a8ef310e1cd1302a8eb5835.jpg,416,416,Shrimp,40,206,298,348
5628f29a19f78a8c_jpg.rf.e7cbc047a183322df2607391974112a1.jpg,416,416,Lobster,79,31,319,261
5628f29a19f78a8c_jpg.rf.e7cbc047a183322df2607391974112a1.jpg,416,416,Lobster,93,259,322,331
423db84f2906c1bc_jpg.rf.e78ce8259b9d7176b55a2d0cce611ccd.jpg,416,416,Crab,82,205,298,351
836878f7f86427b4_jpg.rf.eacee425de2fe27d32a42d219e892a2f.jpg,416,416,Lobster,33,11,337,407
98afa951b6d1589c_jpg.rf.dfe94947aed8f87e222252719fc41f70.jpg,416,416,Shrimp,61,67,289,292
c9d7a64daf7b1714_jpg.rf.e1d272aa1daa004e8e78c6ea3726d9df.jpg,416,416,Crab,161,165,284,346
40dd2b98a9346da3_jpg.rf.e749b9c5eda424168641392bd4f9b491.jpg,416,416,Lobster,30,0,410,416
b7ffeea96a377ab9_jpg.rf.e845879d6612b9ebfdf054cf494677fb.jpg,416,416,Shrimp,111,60,177,391
b7ffeea96a377ab9_jpg.rf.e845879d6612b9ebfdf054cf494677fb.jpg,416,416,Shrimp,150,44,235,378
1ea8e4034ee2e6ec_jpg.rf.e94f836e90e9faf01001c1d2469f9484.jpg,416,416,Crab,70,90,231,349
f296846ca85dbceb_jpg.rf.e5acea5249b8cb30597c7f8dcc126dd5.jpg,416,416,Lobster,0,0,401,415
9e3796b45393395c_jpg.rf.e91fb426b10d420799c1d4ee4dc725ca.jpg,416,416,Crab,88,81,380,335
a6a53fc84499b275_jpg.rf.e23aba3427914042f046ece40384d2ee.jpg,416,416,Crab,87,112,325,416
1ee7474847d40f20_jpg.rf.eccb0201eb56bd7f31155878d1436aed.jpg,416,416,Crab,22,27,414,209
1ee7474847d40f20_jpg.rf.eccb0201eb56bd7f31155878d1436aed.jpg,416,416,Crab,22,209,415,375
de0410b340a4010b_jpg.rf.ec0203b599c8ff258debc44a6005d7a3.jpg,416,416,Shrimp,126,51,366,234
244ddbadd2955f2d_jpg.rf.ec4a3ee4cee33710dea9905fd27bcbd4.jpg,416,416,Crab,0,25,133,184
244ddbadd2955f2d_jpg.rf.ec4a3ee4cee33710dea9905fd27bcbd4.jpg,416,416,Crab,146,173,390,290
a934856f786ef7c0_jpg.rf.ef2a0f2079e06ce8bb3a689193ba8f5f.jpg,416,416,Shrimp,84,186,166,272
a934856f786ef7c0_jpg.rf.ef2a0f2079e06ce8bb3a689193ba8f5f.jpg,416,416,Shrimp,121,93,185,185
a934856f786ef7c0_jpg.rf.ef2a0f2079e06ce8bb3a689193ba8f5f.jpg,416,416,Shrimp,166,175,239,265
cb0268b8f53585c1_jpg.rf.eed2115cd3710a6a18ae745849ac4ad0.jpg,416,416,Shrimp,1,66,397,312
cb0268b8f53585c1_jpg.rf.eed2115cd3710a6a18ae745849ac4ad0.jpg,416,416,Shrimp,81,27,384,94
cb0268b8f53585c1_jpg.rf.eed2115cd3710a6a18ae745849ac4ad0.jpg,416,416,Shrimp,90,136,415,385
564efb8799f1d6e7_jpg.rf.efc8f06c90933fa979f087d971f14d8b.jpg,416,416,Shrimp,27,32,106,129
564efb8799f1d6e7_jpg.rf.efc8f06c90933fa979f087d971f14d8b.jpg,416,416,Shrimp,75,39,162,161
564efb8799f1d6e7_jpg.rf.efc8f06c90933fa979f087d971f14d8b.jpg,416,416,Shrimp,169,58,261,255
564efb8799f1d6e7_jpg.rf.efc8f06c90933fa979f087d971f14d8b.jpg,416,416,Shrimp,229,106,321,360
564efb8799f1d6e7_jpg.rf.efc8f06c90933fa979f087d971f14d8b.jpg,416,416,Shrimp,341,179,416,415
7e4ea30ea2add8e4_jpg.rf.f2a91bf44298cff57aa9aeada58a627e.jpg,416,416,Lobster,99,44,307,363
7e4ea30ea2add8e4_jpg.rf.f2a91bf44298cff57aa9aeada58a627e.jpg,416,416,Lobster,227,235,416,416
59798c2ddff3a67d_jpg.rf.ef52965b3dc821c5a9d035645eb0194b.jpg,416,416,Shrimp,144,52,176,148
59798c2ddff3a67d_jpg.rf.ef52965b3dc821c5a9d035645eb0194b.jpg,416,416,Shrimp,147,145,197,214
59798c2ddff3a67d_jpg.rf.ef52965b3dc821c5a9d035645eb0194b.jpg,416,416,Shrimp,172,210,194,311
59798c2ddff3a67d_jpg.rf.ef52965b3dc821c5a9d035645eb0194b.jpg,416,416,Shrimp,173,0,227,76
59798c2ddff3a67d_jpg.rf.ef52965b3dc821c5a9d035645eb0194b.jpg,416,416,Shrimp,190,226,236,312
59798c2ddff3a67d_jpg.rf.ef52965b3dc821c5a9d035645eb0194b.jpg,416,416,Shrimp,227,34,291,130
59798c2ddff3a67d_jpg.rf.ef52965b3dc821c5a9d035645eb0194b.jpg,416,416,Shrimp,232,167,289,248
962b99be092af280_jpg.rf.f06b229eacef38aaa62ed24df53e09ff.jpg,416,416,Crab,55,37,374,292
cec1f95192614824_jpg.rf.ef1323d33a9fce47bd136c50f503a336.jpg,416,416,Crab,0,47,416,387
25790a4a5d0eb05c_jpg.rf.e948684ff9b8c299d47a3cb2396fda87.jpg,416,416,Shrimp,186,195,302,306
25790a4a5d0eb05c_jpg.rf.e948684ff9b8c299d47a3cb2396fda87.jpg,416,416,Shrimp,226,268,333,371
25790a4a5d0eb05c_jpg.rf.e948684ff9b8c299d47a3cb2396fda87.jpg,416,416,Shrimp,407,236,415,290
0df658ab0e3f0e55_jpg.rf.f31dd5a9522a8d46d9303b2544c91887.jpg,416,416,Crab,0,55,166,416
5c6e4bcbe8ace68a_jpg.rf.f22d6148a3ca353b032431ee5d1b60cd.jpg,416,416,Lobster,56,0,416,416
a5dd191b38435172_jpg.rf.f087f9ff7e7aae2535695bce14d7d03d.jpg,416,416,Crab,158,54,367,297
3c94b354c6ed5e0a_jpg.rf.f0396386806f18a66c039d9632d48d4a.jpg,416,416,Lobster,163,194,261,275
675387578c948ec5_jpg.rf.f09fd7946c18436b85bc5ad8995dbea7.jpg,416,416,Shrimp,43,190,141,263
675387578c948ec5_jpg.rf.f09fd7946c18436b85bc5ad8995dbea7.jpg,416,416,Shrimp,66,214,165,278
675387578c948ec5_jpg.rf.f09fd7946c18436b85bc5ad8995dbea7.jpg,416,416,Shrimp,92,243,187,294
d20b3661a1af49cd_jpg.rf.ef9f70dce62d127c2576383621910e4d.jpg,416,416,Crab,0,78,416,416
897ac6f98412a868_jpg.rf.ee365a82ea250ae24552749f9aad7a03.jpg,416,416,Lobster,28,30,415,358
164b19fd957d705d_jpg.rf.f2a94ebf27a47d7009cc95fedc06cdf0.jpg,416,416,Crab,153,158,318,390
d91cfb559dfc672f_jpg.rf.f22bbbac406669674af06827900690c4.jpg,416,416,Lobster,201,32,325,99
20ea39ef8b992b97_jpg.rf.ebce4f1cd49d74492a36796856449c36.jpg,416,416,Shrimp,9,42,140,129
20ea39ef8b992b97_jpg.rf.ebce4f1cd49d74492a36796856449c36.jpg,416,416,Shrimp,162,68,301,126
ee96cac56789be5b_jpg.rf.f7b8f57dd0c554c527d76bcf69081a90.jpg,416,416,Shrimp,87,94,337,402
a513476e040b5ac1_jpg.rf.f5f48cf0841127dd080c8a4d5991297e.jpg,416,416,Shrimp,0,235,192,400
a513476e040b5ac1_jpg.rf.f5f48cf0841127dd080c8a4d5991297e.jpg,416,416,Shrimp,71,206,254,373
a513476e040b5ac1_jpg.rf.f5f48cf0841127dd080c8a4d5991297e.jpg,416,416,Shrimp,120,111,319,289
a513476e040b5ac1_jpg.rf.f5f48cf0841127dd080c8a4d5991297e.jpg,416,416,Shrimp,138,127,256,238
a513476e040b5ac1_jpg.rf.f5f48cf0841127dd080c8a4d5991297e.jpg,416,416,Shrimp,217,90,386,345
f8804824eb3204e0_jpg.rf.fcacedd024b4c9320e53bcdc6d2d9802.jpg,416,416,Lobster,0,59,233,363
37ddf684f1dd486d_jpg.rf.fcd548d78fed50bf72ac0b97b488da21.jpg,416,416,Shrimp,0,250,357,391
37ddf684f1dd486d_jpg.rf.fcd548d78fed50bf72ac0b97b488da21.jpg,416,416,Shrimp,21,33,391,263
2a6b22e510757991_jpg.rf.f3ca6c6e6d30a46a81c07bb998d2fc96.jpg,416,416,Lobster,83,214,257,416
33e1cbb9fe318e75_jpg.rf.fcebce52a800b58269a141bc3c86b5dd.jpg,416,416,Crab,8,13,394,406
0c56158ba188a412_jpg.rf.f296ee9694861c7520616ffb1f4556ea.jpg,416,416,Crab,42,83,371,328
2583037f82d7eb33_jpg.rf.fb4754e8b74105a06203a2087805866c.jpg,416,416,Lobster,7,0,416,416
931b84107b8acf1e_jpg.rf.fce6bb5c1b20a0c7a30afd0fcecfc71d.jpg,416,416,Shrimp,114,115,198,184
931b84107b8acf1e_jpg.rf.fce6bb5c1b20a0c7a30afd0fcecfc71d.jpg,416,416,Shrimp,136,19,205,122
931b84107b8acf1e_jpg.rf.fce6bb5c1b20a0c7a30afd0fcecfc71d.jpg,416,416,Shrimp,168,0,236,53
931b84107b8acf1e_jpg.rf.fce6bb5c1b20a0c7a30afd0fcecfc71d.jpg,416,416,Shrimp,188,70,253,123
931b84107b8acf1e_jpg.rf.fce6bb5c1b20a0c7a30afd0fcecfc71d.jpg,416,416,Shrimp,208,7,290,92
e3e4542071231141_jpg.rf.f6377d7ae58af3be01d53a5c4604433d.jpg,416,416,Lobster,187,154,352,282
c4d8fa0ad97c3e9d_jpg.rf.f6ac7fd80541e9f57bf3d56412aee23a.jpg,416,416,Shrimp,65,91,377,327
c7f23fa0542588e3_jpg.rf.e74f67dfb2501994aaac0871b0b893c8.jpg,416,416,Crab,35,68,208,313
b4cd9b0b61976c46_jpg.rf.ff3c074a868df29017a754bc9b5f2b8a.jpg,416,416,Shrimp,16,186,416,310
b4cd9b0b61976c46_jpg.rf.ff3c074a868df29017a754bc9b5f2b8a.jpg,416,416,Shrimp,19,0,416,231
228380d23373775c_jpg.rf.feed807cf83f65c47d287ea732d3dc2a.jpg,416,416,Shrimp,67,284,102,328
228380d23373775c_jpg.rf.feed807cf83f65c47d287ea732d3dc2a.jpg,416,416,Shrimp,75,112,147,211
228380d23373775c_jpg.rf.feed807cf83f65c47d287ea732d3dc2a.jpg,416,416,Shrimp,89,199,122,241
228380d23373775c_jpg.rf.feed807cf83f65c47d287ea732d3dc2a.jpg,416,416,Shrimp,130,79,160,115
228380d23373775c_jpg.rf.feed807cf83f65c47d287ea732d3dc2a.jpg,416,416,Shrimp,144,171,166,214
228380d23373775c_jpg.rf.feed807cf83f65c47d287ea732d3dc2a.jpg,416,416,Shrimp,150,216,229,371
228380d23373775c_jpg.rf.feed807cf83f65c47d287ea732d3dc2a.jpg,416,416,Shrimp,200,328,245,365
228380d23373775c_jpg.rf.feed807cf83f65c47d287ea732d3dc2a.jpg,416,416,Shrimp,209,76,256,119
228380d23373775c_jpg.rf.feed807cf83f65c47d287ea732d3dc2a.jpg,416,416,Shrimp,209,162,239,199
228380d23373775c_jpg.rf.feed807cf83f65c47d287ea732d3dc2a.jpg,416,416,Shrimp,235,133,305,194
33f7d1b56eb1ea1b_jpg.rf.fe13921cc81bd596cfc894707c97562d.jpg,416,416,Lobster,3,1,414,415
12812b9d77cc0428_jpg.rf.fe897ca65afcee3ba7bfa190ff8a6ba4.jpg,416,416,Shrimp,0,58,102,174
12812b9d77cc0428_jpg.rf.fe897ca65afcee3ba7bfa190ff8a6ba4.jpg,416,416,Shrimp,0,164,210,352
12812b9d77cc0428_jpg.rf.fe897ca65afcee3ba7bfa190ff8a6ba4.jpg,416,416,Shrimp,0,164,211,351
12812b9d77cc0428_jpg.rf.fe897ca65afcee3ba7bfa190ff8a6ba4.jpg,416,416,Shrimp,54,25,222,178
12812b9d77cc0428_jpg.rf.fe897ca65afcee3ba7bfa190ff8a6ba4.jpg,416,416,Shrimp,58,26,220,183
12812b9d77cc0428_jpg.rf.fe897ca65afcee3ba7bfa190ff8a6ba4.jpg,416,416,Shrimp,75,62,267,178
12812b9d77cc0428_jpg.rf.fe897ca65afcee3ba7bfa190ff8a6ba4.jpg,416,416,Shrimp,155,67,356,361
12812b9d77cc0428_jpg.rf.fe897ca65afcee3ba7bfa190ff8a6ba4.jpg,416,416,Shrimp,218,108,273,169
12812b9d77cc0428_jpg.rf.fe897ca65afcee3ba7bfa190ff8a6ba4.jpg,416,416,Shrimp,265,128,416,252
12812b9d77cc0428_jpg.rf.fe897ca65afcee3ba7bfa190ff8a6ba4.jpg,416,416,Shrimp,266,127,416,248
ec7d714ad98167b5_jpg.rf.fa4307aac13c9ec55a34dd2123a1dd60.jpg,416,416,Crab,45,269,356,371
ec7d714ad98167b5_jpg.rf.fa4307aac13c9ec55a34dd2123a1dd60.jpg,416,416,Crab,63,30,330,119
ec7d714ad98167b5_jpg.rf.fa4307aac13c9ec55a34dd2123a1dd60.jpg,416,416,Crab,110,222,283,251
ec7d714ad98167b5_jpg.rf.fa4307aac13c9ec55a34dd2123a1dd60.jpg,416,416,Crab,112,132,289,208
14389b90d7274512_jpg.rf.fef7b42aff94cf37b1ebaab18c3c2cf8.jpg,416,416,Crab,0,60,338,361
4957839b61aba670_jpg.rf.fc7860f9c41483f4a08ba8b41ea6172d.jpg,416,416,Shrimp,61,131,247,355
4957839b61aba670_jpg.rf.fc7860f9c41483f4a08ba8b41ea6172d.jpg,416,416,Shrimp,77,112,275,292
4957839b61aba670_jpg.rf.fc7860f9c41483f4a08ba8b41ea6172d.jpg,416,416,Shrimp,189,2,314,165
4957839b61aba670_jpg.rf.fc7860f9c41483f4a08ba8b41ea6172d.jpg,416,416,Shrimp,215,0,341,134